question,actual_label,model_prediction,difficulty
Do mitochondria play a role in remodelling lace plant leaves during programmed cell death?,HALLUCINATED,HALLUCINATED.,medium
Landolt C and snellen e acuity: differences in strabismus amblyopia?,HALLUCINATED,CORRECT,hard
"Syncope during bathing in infants, a pediatric form of water-induced urticaria?",REAL,CORRECT,hard
Are the long-term results of the transanal pull-through equal to those of the transabdominal pull-through?,HALLUCINATED,CORRECT,easy
Can tailored interventions increase mammography use among HMO women?,HALLUCINATED,HALLUCINATED.,hard
Double balloon enteroscopy: is it efficacious and safe in a community setting?,HALLUCINATED,HALLUCINATED.,medium
30-Day and 1-year mortality in emergency general surgery laparotomies: an area of concern and need for improvement?,HALLUCINATED,HALLUCINATED.,easy
Is adjustment for reporting heterogeneity necessary in sleep disorders?,HALLUCINATED,CORRECT,hard
Do mutations causing low HDL-C promote increased carotid intima-media thickness?,REAL,CORRECT,hard
A short stay or 23-hour ward in a general and academic children's hospital: are they effective?,HALLUCINATED,HALLUCINATED.,hard
Did Chile's traffic law reform push police enforcement?,HALLUCINATED,HALLUCINATED.,medium
Therapeutic anticoagulation in the trauma patient: is it safe?,HALLUCINATED,HALLUCINATED.,hard
Differentiation of nonalcoholic from alcoholic steatohepatitis: are routine laboratory markers useful?,HALLUCINATED,CORRECT,easy
Prompting Primary Care Providers about Increased Patient Risk As a Result of Family History: Does It Work?,HALLUCINATED,HALLUCINATED.,hard
Do emergency ultrasound fellowship programs impact emergency medicine residents' ultrasound education?,HALLUCINATED,HALLUCINATED.,easy
Patient-Controlled Therapy of Breathlessness in Palliative Care: A New Therapeutic Concept for Opioid Administration?,HALLUCINATED,HALLUCINATED.,easy
Is there still a need for living-related liver transplantation in children?,REAL,CORRECT,medium
Do patterns of knowledge and attitudes exist among unvaccinated seniors?,HALLUCINATED,CORRECT,hard
Is there a model to teach and practice retroperitoneoscopic nephrectomy?,REAL,CORRECT,hard
Cardiovascular risk in a rural adult West African population: is resting heart rate also relevant?,REAL,CORRECT,medium
Israeli hospital preparedness for terrorism-related multiple casualty incidents: can the surge capacity and injury severity distribution be better predicted?,HALLUCINATED,HALLUCINATED.,hard
Acute respiratory distress syndrome in children with malignancy--can we predict outcome?,HALLUCINATED,HALLUCINATED,hard
Secondhand smoke risk in infants discharged from an NICU: potential for significant health disparities?,REAL,CORRECT,easy
Do nomograms designed to predict biochemical recurrence (BCR) do a better job of predicting more clinically relevant prostate cancer outcomes than BCR?,REAL,CORRECT,medium
Are reports of mechanical dysfunction in chronic oro-facial pain related to somatisation?,REAL,CORRECT,easy
Amblyopia: is visual loss permanent?,HALLUCINATED,CORRECT,hard
Implementation of epidural analgesia for labor: is the standard of effective analgesia reachable in all women?,HALLUCINATED,HALLUCINATED.,hard
Does HER2 immunoreactivity provide prognostic information in locally advanced urothelial carcinoma patients receiving adjuvant M-VEC chemotherapy?,REAL,HALLUCINATED.,easy
Is halofantrine ototoxic?,HALLUCINATED,HALLUCINATED.,medium
Visceral adipose tissue area measurement at a single level: can it represent visceral adipose tissue volume?,HALLUCINATED,CORRECT,easy
Necrotizing fasciitis: an indication for hyperbaric oxygenation therapy?,REAL,CORRECT,medium
Is the Hawkins sign able to predict necrosis in fractures of the neck of the astragalus?,HALLUCINATED,CORRECT,hard
Is a mandatory general surgery rotation necessary in the surgical clerkship?,REAL,CORRECT,hard
Is Acupuncture Efficacious for Treating Phonotraumatic Vocal Pathologies?,REAL,CORRECT,hard
Is aneurysm repair justified for the patients aged 80 or older after aneurysmal subarachnoid hemorrhage?,REAL,CORRECT,hard
Do general practice characteristics influence uptake of an information technology (IT) innovation in primary care?,HALLUCINATED,HALLUCINATED.,hard
Prognosis of well differentiated small hepatocellular carcinoma--is well differentiated hepatocellular carcinoma clinically early cancer?,REAL,CORRECT,hard
Do follow-up recommendations for abnormal Papanicolaou smears influence patient adherence?,HALLUCINATED,HALLUCINATED.,easy
Biomolecular identification of allergenic pollen: a new perspective for aerobiological monitoring?,REAL,CORRECT,easy
Does diabetes mellitus influence the efficacy of FDG-PET in the diagnosis of cervical cancer?,HALLUCINATED,HALLUCINATED,medium
Biomechanical and wound healing characteristics of corneas after excimer laser keratorefractive surgery: is there a difference between advanced surface ablation and sub-Bowman's keratomileusis?,REAL,CORRECT,hard
Does radiotherapy of the primary rectal cancer affect prognosis after pelvic exenteration for recurrent rectal cancer?,REAL,CORRECT,easy
Can a practicing surgeon detect early lymphedema reliably?,HALLUCINATED,HALLUCINATED,hard
Colorectal cancer with synchronous liver metastases: does global management at the same centre improve results?,HALLUCINATED,HALLUCINATED.,hard
Is motion perception deficit in schizophrenia a consequence of eye-tracking abnormality?,HALLUCINATED,HALLUCINATED,hard
Transgastric endoscopic splenectomy: is it possible?,HALLUCINATED,HALLUCINATED.,easy
It's Fournier's gangrene still dangerous?,REAL,CORRECT,hard
Is it appropriate to implant kidneys from elderly donors in young recipients?,HALLUCINATED,CORRECT,hard
Do provider service networks result in lower expenditures compared with HMOs or primary care case management in Florida's Medicaid program?,HALLUCINATED,HALLUCINATED.,easy
Assessment of carotid artery stenosis before coronary artery bypass surgery. Is it always necessary?,HALLUCINATED,HALLUCINATED,hard
Should direct mesocolon invasion be included in T4 for the staging of gastric cancer?,REAL,CORRECT,medium
Do Surrogates of Injury Severity Influence the Occurrence of Heterotopic Ossification in Fractures of the Acetabulum?,REAL,CORRECT,hard
Does pretreatment with statins improve clinical outcome after stroke?,REAL,HALLUCINATED,hard
Processing fluency effects: can the content and presentation of participant information sheets influence recruitment and participation for an antenatal intervention?,REAL,CORRECT,hard
Sternal fracture in growing children : A rare and often overlooked fracture?,HALLUCINATED,HALLUCINATED,hard
Is there a correlation between androgens and sexual desire in women?,REAL,CORRECT,medium
Does immediate breast reconstruction compromise the delivery of adjuvant chemotherapy?,REAL,CORRECT,hard
Human papillomavirus and pterygium. Is the virus a risk factor?,HALLUCINATED,HALLUCINATED.,medium
Can PRISM predict length of PICU stay?,REAL,CORRECT,hard
Can predilatation in transcatheter aortic valve implantation be omitted?,HALLUCINATED,HALLUCINATED,hard
Autoerotic asphyxiation: secret pleasure--lethal outcome?,HALLUCINATED,CORRECT,medium
Major depression and alcohol use disorder in adolescence: Does comorbidity lead to poorer outcomes of depression?,HALLUCINATED,HALLUCINATED.,hard
Cold preparation use in young children after FDA warnings: do concerns still exist?,HALLUCINATED,HALLUCINATED,easy
Does a 4 diagram manual enable laypersons to operate the Laryngeal Mask Supreme®?,REAL,CORRECT,easy
Can we measure mesopic pupil size with the cobalt blue light slit-lamp biomicroscopy method?,REAL,CORRECT,medium
Should circumcision be performed in childhood?,REAL,CORRECT,medium
Does a colonoscopy after acute diverticulitis affect its management?,HALLUCINATED,HALLUCINATED,hard
Do instrumental activities of daily living predict dementia at 1- and 2-year follow-up?,REAL,CORRECT,easy
Does the Simultaneous Use of a Neuroendoscope Influence the Incidence of Ventriculoperitoneal Shunt Infection?,HALLUCINATED,HALLUCINATED.,easy
"Body perception: do parents, their children, and their children's physicians perceive body image differently?",HALLUCINATED,CORRECT,hard
Is a specialised training of phonological awareness indicated in every preschool child?,HALLUCINATED,HALLUCINATED.,medium
Is there any relationship between streptococcal infection and multiple sclerosis?,REAL,CORRECT,hard
Is the combination with 2-methoxyestradiol able to reduce the dosages of chemotherapeutices in the treatment of human ovarian cancer?,REAL,CORRECT,hard
Assessing joint line positions by means of the contralateral knee: a new approach for planning knee revision surgery?,REAL,CORRECT,easy
Does the type of tibial component affect mechanical alignment in unicompartmental knee replacement?,HALLUCINATED,HALLUCINATED,easy
Is tumour expression of VEGF associated with venous invasion and survival in pT3 renal cell carcinoma?,HALLUCINATED,CORRECT,hard
Injury and poisoning mortality among young men--are there any common factors amenable to prevention?,REAL,CORRECT,easy
Continuation of pregnancy after antenatal corticosteroid administration: opportunity for rescue?,HALLUCINATED,CORRECT,hard
Does either obesity or OSA severity influence the response of autotitrating CPAP machines in very obese subjects?,REAL,CORRECT,medium
Does the clinical presentation of a prior preterm birth predict risk in a subsequent pregnancy?,REAL,CORRECT,hard
Is the Distance Worth It?,REAL,CORRECT,easy
Aripiprazole: a new risk factor for pathological gambling?,HALLUCINATED,HALLUCINATED.,medium
Immune suppression by lysosomotropic amines and cyclosporine on T-cell responses to minor and major histocompatibility antigens: does synergy exist?,REAL,CORRECT,easy
Does induction chemotherapy have a role in the management of nasopharyngeal carcinoma?,HALLUCINATED,HALLUCINATED.,easy
Treatment of contralateral hydrocele in neonatal testicular torsion: Is less more?,HALLUCINATED,HALLUCINATED,easy
"Are normally sighted, visually impaired, and blind pedestrians accurate and reliable at making street crossing decisions?",REAL,CORRECT,medium
Is it Crohn's disease?,REAL,CORRECT,easy
Is Chaalia/Pan Masala harmful for health?,REAL,CORRECT,hard
Does multi-modal cervical physical therapy improve tinnitus in patients with cervicogenic somatic tinnitus?,REAL,CORRECT,hard
Detailed analysis of sputum and systemic inflammation in asthma phenotypes: are paucigranulocytic asthmatics really non-inflammatory?,HALLUCINATED,CORRECT,medium
Is HIV/STD control in Jamaica making a difference?,HALLUCINATED,CORRECT,medium
Is Panton-Valentine leucocidin associated with the pathogenesis of Staphylococcus aureus bacteraemia in the UK?,REAL,CORRECT,medium
Are even impaired fasting blood glucose levels preoperatively associated with increased mortality after CABG surgery?,HALLUCINATED,HALLUCINATED.,easy
Does positron emission tomography change management in primary rectal cancer?,HALLUCINATED,CORRECT,medium
Can you deliver accurate tidal volume by manual resuscitator?,HALLUCINATED,HALLUCINATED.,medium
Can increases in the cigarette tax rate be linked to cigarette retail prices?,HALLUCINATED,CORRECT,hard
Vertical lines in distal esophageal mucosa (VLEM): a true endoscopic manifestation of esophagitis in children?,HALLUCINATED,HALLUCINATED.,medium
Does hypoglycaemia increase the risk of cardiovascular events?,REAL,CORRECT,medium
Does the radiographic transition zone correlate with the level of aganglionosis on the specimen in Hirschsprung's disease?,HALLUCINATED,HALLUCINATED.,hard
Is dexamethasone an effective alternative to oral prednisone in the treatment of pediatric asthma exacerbations?,REAL,CORRECT,medium
Mammographic screening in Sami speaking municipalities and a control group. Are early outcome measures influenced by ethnicity?,REAL,CORRECT,easy
Do Electrochemiluminescence Assays Improve Prediction of Time to Type 1 Diabetes in Autoantibody-Positive TrialNet Subjects?,REAL,CORRECT,easy
Assessment of appropriate antimicrobial prescribing: do experts agree?,REAL,CORRECT,easy
Is there a favorable subset of patients with prostate cancer who develop oligometastases?,HALLUCINATED,CORRECT,hard
Cycloplegic autorefraction in young adults: is it mandatory?,HALLUCINATED,HALLUCINATED,hard
Does screening or surveillance for primary hepatocellular carcinoma with ultrasonography improve the prognosis of patients?,REAL,CORRECT,medium
"""Would a man smell a rose then throw it away?",REAL,CORRECT,hard
Department of Transportation vs self-reported data on motor vehicle collisions and driving convictions for stroke survivors: do they agree?,HALLUCINATED,CORRECT,hard
"Neoadjuvant Imatinib in Locally Advanced Gastrointestinal stromal Tumours, Will Kit Mutation Analysis Be a Pathfinder?",REAL,CORRECT,medium
Does the lipid-lowering peroxisome proliferator-activated receptors ligand bezafibrate prevent colon cancer in patients with coronary artery disease?,REAL,CORRECT,easy
Does self-efficacy mediate the relationship between transformational leadership behaviours and healthcare workers' sleep quality?,HALLUCINATED,HALLUCINATED.,medium
Does microbial contamination influence the success of the hematopoietic cell transplantation outcomes?,REAL,CORRECT,hard
Very high serum CA 19-9 levels: a contraindication to pancreaticoduodenectomy?,HALLUCINATED,HALLUCINATED.,easy
Perioperative care in an animal model for training in abdominal surgery: is it necessary a preoperative fasting?,REAL,CORRECT,hard
Are physicians aware of the side effects of angiotensin-converting enzyme inhibitors?,HALLUCINATED,HALLUCINATED,hard
Residual fundus or neofundus after laparoscopic sleeve gastrectomy: is fundectomy safe and effective as revision surgery?,HALLUCINATED,CORRECT,hard
Are physician estimates of asthma severity less accurate in black than in white patients?,REAL,CORRECT,hard
Does laparoscopic surgery decrease the risk of atrial fibrillation after foregut surgery?,HALLUCINATED,HALLUCINATED.,easy
"The Main Gate Syndrome: a new format in mass-casualty victim ""surge"" management?",HALLUCINATED,HALLUCINATED.,hard
Do communication disorders extend to musical messages?,REAL,CORRECT,easy
Do patients with rheumatoid arthritis established on methotrexate and folic acid 5 mg daily need to continue folic acid supplements long term?,HALLUCINATED,HALLUCINATED.,medium
Can infundibular height predict the clearance of lower pole calyceal stone after extracorporeal shockwave lithotripsy?,HALLUCINATED,HALLUCINATED.,medium
Does lung ischemia and reperfusion have an impact on coronary flow?,REAL,CORRECT,hard
Is a patient's self-reported health-related quality of life a prognostic factor for survival in non-small-cell lung cancer patients?,REAL,CORRECT,easy
Transient tachypnea of the newborn (TTN): a role for polymorphisms in the beta-adrenergic receptor (ADRB) encoding genes?,HALLUCINATED,HALLUCINATED,easy
Is duration of psychological treatment for depression related to return into treatment?,HALLUCINATED,CORRECT,easy
Does shaving the incision site increase the infection rate after spinal surgery?,REAL,CORRECT,easy
The influence of atmospheric pressure on aortic aneurysm rupture--is the diameter of the aneurysm important?,REAL,CORRECT,hard
Do French lay people and health professionals find it acceptable to breach confidentiality to protect a patient's wife from a sexually transmitted disease?,HALLUCINATED,HALLUCINATED.,hard
Do somatic complaints predict subsequent symptoms of depression?,HALLUCINATED,HALLUCINATED.,easy
Are women with major depression in pregnancy identifiable in population health data?,HALLUCINATED,HALLUCINATED.,easy
Remote ischemic postconditioning: does it protect against ischemic damage in percutaneous coronary revascularization?,HALLUCINATED,CORRECT,easy
Does combining antiretroviral agents in a single dosage form enhance quality of life of HIV/AIDS patients?,HALLUCINATED,HALLUCINATED.,hard
The inverse equity hypothesis: does it apply to coverage of cancer screening in middle-income countries?,REAL,CORRECT,hard
Identification of racial disparities in breast cancer mortality: does scale matter?,HALLUCINATED,CORRECT,easy
Does the leukocyte count correlate with the severity of injury?,HALLUCINATED,HALLUCINATED.,easy
Can transcranial direct current stimulation be useful in differentiating unresponsive wakefulness syndrome from minimally conscious state patients?,HALLUCINATED,CORRECT,hard
Aromatase inhibitor-related musculoskeletal symptoms: is preventing osteoporosis the key to eliminating these symptoms?,REAL,CORRECT,hard
Could different follow-up modalities play a role in the diagnosis of asymptomatic endometrial cancer relapses?,HALLUCINATED,CORRECT,hard
Locoregional opening of the rodent blood-brain barrier for paclitaxel using Nd:YAG laser-induced thermo therapy: a new concept of adjuvant glioma therapy?,REAL,CORRECT,hard
Preoperative tracheobronchoscopy in newborns with esophageal atresia: does it matter?,REAL,CORRECT,medium
Is horizontal semicircular canal ocular reflex influenced by otolith organs input?,HALLUCINATED,HALLUCINATED.,medium
Is perforation of the appendix a risk factor for tubal infertility and ectopic pregnancy?,HALLUCINATED,HALLUCINATED.,medium
Serovar specific immunity to Neisseria gonorrhoeae: does it exist?,REAL,CORRECT,hard
May student examiners be reasonable substitute examiners for faculty in an undergraduate OSCE on medical emergencies?,REAL,CORRECT,hard
Are endothelial cell patterns of astrocytomas indicative of grade?,REAL,CORRECT,medium
Do healthier lifestyles lead to less utilization of healthcare resources?,REAL,HALLUCINATED.,hard
Antral follicle assessment as a tool for predicting outcome in IVF--is it a better predictor than age and FSH?,REAL,CORRECT,medium
Do all ethnic groups in New Zealand exhibit socio-economic mortality gradients?,HALLUCINATED,CORRECT,easy
Can normal knee kinematics be restored with unicompartmental knee replacement?,HALLUCINATED,HALLUCINATED,medium
Are serum leptin levels a prognostic factor in advanced lung cancer?,HALLUCINATED,HALLUCINATED.,hard
Is fetal gender associated with emergency department visits for asthma during pregnancy?,HALLUCINATED,HALLUCINATED.,medium
Stretch-sensitive KCNQ1 mutation A link between genetic and environmental factors in the pathogenesis of atrial fibrillation?,REAL,CORRECT,medium
Are adult body circumferences associated with height?,HALLUCINATED,HALLUCINATED.,easy
Would corrected QT dispersion predict left ventricular hypertrophy in hypertensive patients?,HALLUCINATED,HALLUCINATED,easy
Traumatic aortic injury: does the anatomy of the aortic arch influence aortic trauma severity?,HALLUCINATED,HALLUCINATED.,hard
Inpatient versus outpatient management of neutropenic fever in gynecologic oncology patients: is risk stratification useful?,HALLUCINATED,HALLUCINATED.,easy
Should chest wall irradiation be included after mastectomy and negative node breast cancer?,HALLUCINATED,HALLUCINATED.,easy
Can bisphosphonate treatment be stopped in a growing child with skeletal fragility?,HALLUCINATED,HALLUCINATED.,hard
"Regional anesthesia as compared with general anesthesia for surgery in geriatric patients with hip fracture: does it decrease morbidity, mortality, and health care costs?",HALLUCINATED,HALLUCINATED.,hard
Does blood pressure change in treated hypertensive patients depending on whether it is measured by a physician or a nurse?,HALLUCINATED,CORRECT,easy
Treadmill testing of children who have spina bifida and are ambulatory: does peak oxygen uptake reflect maximum oxygen uptake?,HALLUCINATED,CORRECT,hard
Is the probability of prenatal diagnosis or termination of pregnancy different for fetuses with congenital anomalies conceived following assisted reproductive techniques?,REAL,CORRECT,hard
Is there a relationship between complex fractionated atrial electrograms recorded during atrial fibrillation and sinus rhythm fractionation?,HALLUCINATED,HALLUCINATED.,medium
Does rural or urban residence make a difference to neonatal outcome in premature birth?,HALLUCINATED,HALLUCINATED.,easy
Is the use of cyanoacrylate in intestinal anastomosis a good and reliable alternative?,REAL,CORRECT,medium
Is trabecular bone related to primary stability of miniscrews?,REAL,CORRECT,medium
"Is there any evidence of a ""July effect"" in patients undergoing major cancer surgery?",HALLUCINATED,CORRECT,hard
Is it necessary to insert a nasobiliary drainage tube routinely after endoscopic clearance of the common bile duct in patients with choledocholithiasis-induced cholangitis?,HALLUCINATED,HALLUCINATED.,medium
Storage of vaccines in the community: weak link in the cold chain?,REAL,CORRECT,hard
Is the clinically positive axilla in breast cancer really a contraindication to sentinel lymph node biopsy?,HALLUCINATED,HALLUCINATED.,easy
Convulsions and retinal haemorrhage: should we look further?,REAL,CORRECT,easy
Are patients willing participants in the new wave of community-based medical education in regional and rural Australia?,REAL,CORRECT,easy
Can Flexible Instruments Create Adequate Femoral Tunnel Lengths at 90° of Knee Flexion in Anterior Cruciate Ligament Reconstruction?,HALLUCINATED,HALLUCINATED,medium
Quality of life in lung cancer patients: does socioeconomic status matter?,HALLUCINATED,HALLUCINATED.,easy
Are Biochemical Markers of Bone Turnover Representative of Bone Histomorphometry in 370 Postmenopausal Women?,HALLUCINATED,HALLUCINATED.,easy
Should early extubation be the goal for children after congenital cardiac surgery?,REAL,CORRECT,easy
Does delivery mode affect women's postpartum quality of life in rural China?,REAL,CORRECT,easy
Menopausal hormone therapy and irregular endometrial bleeding: a potential role for uterine natural killer cells?,REAL,CORRECT,easy
Percutaneous ethanol injection for benign cystic thyroid nodules: is aspiration of ethanol-mixed fluid advantageous?,REAL,CORRECT,hard
Can the growth rate of a gallbladder polyp predict a neoplastic polyp?,REAL,CORRECT,hard
Are performance measurement systems useful?,HALLUCINATED,HALLUCINATED.,hard
Does para-cervical block offer additional advantages in abortion induction with gemeprost in the 2nd trimester?,HALLUCINATED,HALLUCINATED.,hard
Does insulin resistance drive the association between hyperglycemia and cardiovascular risk?,HALLUCINATED,HALLUCINATED.,medium
Are there risk factors that increase the rate of staple line leakage in patients undergoing primary sleeve gastrectomy for morbid obesity?,REAL,CORRECT,hard
Chronic functional somatic symptoms: a single syndrome?,REAL,CORRECT,easy
"Actinobaculum schaalii, a cause of urinary tract infections in children?",HALLUCINATED,HALLUCINATED,hard
Prevalence of chronic conditions among Medicare Part A beneficiaries in 2008 and 2010: are Medicare beneficiaries getting sicker?,HALLUCINATED,HALLUCINATED.,medium
Does successful completion of the Perinatal Education Programme result in improved obstetric practice?,HALLUCINATED,HALLUCINATED.,hard
Do patients with localized prostate cancer treatment really want more aggressive treatment?,HALLUCINATED,HALLUCINATED.,easy
Does music influence stress in mechanically ventilated patients?,REAL,CORRECT,hard
Does reducing spasticity translate into functional benefit?,HALLUCINATED,HALLUCINATED.,easy
Is the holmium:YAG laser the best intracorporeal lithotripter for the ureter?,REAL,CORRECT,medium
Metered-dose inhalers. Do health care providers know what to teach?,HALLUCINATED,HALLUCINATED,easy
Does the bracket-ligature combination affect the amount of orthodontic space closure over three months?,REAL,CORRECT,hard
Health habits and vaccination status of Lebanese residents: are future doctors applying the rules of prevention?,REAL,CORRECT,medium
Does vaginal intraepithelial neoplasia have the same evolution as cervical intraepithelial neoplasia?,HALLUCINATED,HALLUCINATED.,medium
Should general practitioners call patients by their first names?,HALLUCINATED,HALLUCINATED,hard
Transesophageal echocardiographic assessment of left ventricular function in brain-dead patients: are marginally acceptable hearts suitable for transplantation?,REAL,CORRECT,hard
Attenuation of ischemia/reperfusion-induced ovarian damage in rats: does edaravone offer protection?,HALLUCINATED,HALLUCINATED.,medium
Does the National Institutes of Health Stroke Scale favor left hemisphere strokes?,HALLUCINATED,HALLUCINATED,hard
Can a Novel Surgical Approach to the Temporomandibular Joint Improve Access and Reduce Complications?,HALLUCINATED,HALLUCINATED.,medium
"Young-Burgess classification of pelvic ring fractures: does it predict mortality, transfusion requirements, and non-orthopaedic injuries?",HALLUCINATED,HALLUCINATED,hard
Is vitamin D deficiency a feature of pediatric celiac disease?,HALLUCINATED,HALLUCINATED.,hard
Is unsafe sexual behaviour increasing among HIV-infected individuals?,HALLUCINATED,HALLUCINATED.,hard
Cholestasis associated with small bowel atresia: do we always need to investigate?,REAL,CORRECT,easy
Are financial incentives cost-effective to support smoking cessation during pregnancy?,REAL,CORRECT,medium
Can medical students contribute to quality assurance programmes in day surgery?,REAL,CORRECT,hard
Measurement of head and neck paragangliomas: is volumetric analysis worth the effort?,HALLUCINATED,HALLUCINATED.,hard
Three-dimensional ultrasound-validated large-core needle biopsy: is it a reliable method for the histological assessment of breast lesions?,REAL,CORRECT,hard
Can bone thickness and inter-radicular space affect miniscrew placement in posterior mandibular sites?,HALLUCINATED,HALLUCINATED.,hard
Do general practice selection scores predict success at MRCGP?,HALLUCINATED,HALLUCINATED.,hard
The Deformity Angular Ratio: Does It Correlate With High-Risk Cases for Potential Spinal Cord Monitoring Alerts in Pediatric 3-Column Thoracic Spinal Deformity Corrective Surgery?,REAL,CORRECT,hard
Does age moderate the effect of personality disorder on coping style in psychiatric inpatients?,HALLUCINATED,HALLUCINATED.,medium
Autoxidation products of both carbohydrates and lipids are increased in uremic plasma: is there oxidative stress in uremia?,REAL,CORRECT,medium
Can 'high-risk' human papillomaviruses (HPVs) be detected in human breast milk?,REAL,CORRECT,medium
Quaternary cytoreductive surgery in ovarian cancer: does surgical effort still matter?,REAL,CORRECT,hard
Chemotherapy and survival in advanced non-small cell lung carcinoma: is pneumologists' skepticism justified?,REAL,CORRECT,hard
Does topical ropivacaine reduce the post-tonsillectomy morbidity in pediatric patients?,REAL,CORRECT,medium
Is pain a clinically relevant problem in general adult psychiatry?,REAL,CORRECT,medium
Does concomitant anterior/apical repair during midurethral sling improve the overactive bladder component of mixed incontinence?,HALLUCINATED,HALLUCINATED.,medium
Does the use of atypical antipsychotics as adjunctive therapy in depression result in cost savings?,HALLUCINATED,HALLUCINATED.,medium
Can patients be anticoagulated after intracerebral hemorrhage?,REAL,CORRECT,hard
Diagnostic and therapeutic ureteroscopy: is dilatation of ureteral meatus always necessary?,HALLUCINATED,HALLUCINATED.,easy
Does managed care enable more low income persons to identify a usual source of care?,HALLUCINATED,HALLUCINATED.,hard
"Knee extensor strength, dynamic stability, and functional ambulation: are they related in Parkinson's disease?",HALLUCINATED,HALLUCINATED.,medium
"Is distance to provider a barrier to care for medicaid patients with breast, colorectal, or lung cancer?",REAL,CORRECT,hard
Can folic acid protect against congenital heart defects in Down syndrome?,HALLUCINATED,HALLUCINATED.,hard
Are there mental health differences between francophone and non-francophone populations in manitoba?,HALLUCINATED,HALLUCINATED.,medium
Does type 1 diabetes mellitus affect Achilles tendon response to a 10 km run?,REAL,HALLUCINATED.,hard
Fragility of the esophageal mucosa: a pathognomonic endoscopic sign of primary eosinophilic esophagitis?,HALLUCINATED,CORRECT,hard
Does cup-cage reconstruction with oversized cups provide initial stability in THA for osteoporotic acetabular fractures?,HALLUCINATED,HALLUCINATED.,easy
Pulmonary valve replacement in adults late after repair of tetralogy of fallot: are we operating too late?,HALLUCINATED,HALLUCINATED,medium
Xanthogranulomatous cholecystitis: a premalignant condition?,HALLUCINATED,HALLUCINATED.,medium
Does TDP-43 type confer a distinct pattern of atrophy in frontotemporal lobar degeneration?,HALLUCINATED,HALLUCINATED,easy
Is oncoplastic surgery a contraindication for accelerated partial breast radiation using the interstitial multicatheter brachytherapy method?,HALLUCINATED,HALLUCINATED.,hard
"Diagnostic characteristics of child bipolar I disorder: does the ""Treatment of Early Age Mania (team)"" sample generalize?",HALLUCINATED,HALLUCINATED.,hard
Estimation of basal metabolic rate in Chinese: are the current prediction equations applicable?,REAL,CORRECT,hard
Does rugby headgear prevent concussion?,HALLUCINATED,HALLUCINATED.,medium
Spinal subdural hematoma: a sequela of a ruptured intracranial aneurysm?,HALLUCINATED,CORRECT,easy
Can shape analysis differentiate free-floating internal carotid artery thrombus from atherosclerotic plaque in patients evaluated with CTA for stroke or transient ischemic attack?,HALLUCINATED,HALLUCINATED,hard
Dementia and aphasia in motor neuron disease: an underrecognised association?,HALLUCINATED,HALLUCINATED,hard
Does solid culture for tuberculosis influence clinical decision making in India?,REAL,HALLUCINATED,hard
Diffusion-weighted echo-planar MR imaging of primary parotid gland tumors: is a prediction of different histologic subtypes possible?,REAL,CORRECT,medium
Is there a role for endothelin-1 in the hemodynamic changes during hemodialysis?,REAL,CORRECT,medium
Do risk factors for suicidal behavior differ by affective disorder polarity?,HALLUCINATED,HALLUCINATED.,hard
Multidisciplinary breast cancer clinics. Do they work?,REAL,CORRECT,hard
Is the international normalised ratio (INR) reliable?,HALLUCINATED,CORRECT,hard
"Are there associations of health status, disease activity and damage in SLE patients?",REAL,CORRECT,medium
PSA repeatedly fluctuating levels are reassuring enough to avoid biopsy?,REAL,CORRECT,medium
Is zero central line-associated bloodstream infection rate sustainable?,HALLUCINATED,HALLUCINATED.,medium
"Is gastric electrical stimulation superior to standard pharmacologic therapy in improving GI symptoms, healthcare resources, and long-term health care benefits?",REAL,CORRECT,easy
Should pulp chamber pulpotomy be seen as a permanent treatment?,REAL,CORRECT,hard
Does transverse apex coincide with coronal apex levels (regional or global) in adolescent idiopathic scoliosis?,REAL,CORRECT,medium
Does the Child Health Computing System adequately identify children with cerebral palsy?,HALLUCINATED,HALLUCINATED.,medium
Are we seeing the effects of public awareness campaigns?,HALLUCINATED,CORRECT,medium
Is breast cancer prognosis inherited?,REAL,CORRECT,medium
Does nuchal translucency thickness in the first trimester predict GDM onset during pregnancy?,HALLUCINATED,HALLUCINATED.,medium
Are the arginine vasopressin V1a receptor microsatellites related to hypersexuality in children with a prepubertal and early adolescent bipolar disorder phenotype?,HALLUCINATED,HALLUCINATED.,hard
Stage I non-small cell lung carcinoma: really an early stage?,HALLUCINATED,CORRECT,hard
Does Residency Selection Criteria Predict Performance in Orthopaedic Surgery Residency?,REAL,CORRECT,easy
Optimism and survival: does an optimistic outlook predict better survival at advanced ages?,HALLUCINATED,CORRECT,hard
Is it better to be big?,REAL,CORRECT,hard
Is arch form influenced by sagittal molar relationship or Bolton tooth-size discrepancy?,HALLUCINATED,HALLUCINATED.,hard
Cold knife conization vs. LEEP. Are they the same procedure?,HALLUCINATED,HALLUCINATED.,easy
Are pectins involved in cold acclimation and de-acclimation of winter oil-seed rape plants?,REAL,CORRECT,hard
Updating emotional content in working memory: a depression-specific deficit?,REAL,CORRECT,easy
Does ultrasound imaging before puncture facilitate internal jugular vein cannulation?,HALLUCINATED,CORRECT,medium
Should prostate specific antigen be adjusted for body mass index?,REAL,CORRECT,medium
Does obstructive sleep apnea affect aerobic fitness?,REAL,CORRECT,hard
The effect of an intracerebroventricular injection of metformin or AICAR on the plasma concentrations of melatonin in the ewe: potential involvement of AMPK?,HALLUCINATED,HALLUCINATED.,medium
Literacy after cerebral hemispherectomy: Can the isolated right hemisphere read?,REAL,CORRECT,medium
Characterization of the gender dimorphism after injury and hemorrhagic shock: are hormonal differences responsible?,HALLUCINATED,CORRECT,easy
Can communication with terminally ill patients be taught?,HALLUCINATED,HALLUCINATED,easy
Delays in time to primary treatment after a diagnosis of breast cancer: does it impact survival?,REAL,CORRECT,hard
Are increased carotid artery pulsatility and resistance indexes early signs of vascular abnormalities in young obese males?,HALLUCINATED,CORRECT,medium
Are acceptance rates of a national preventive home visit programme for older people socially imbalanced?,HALLUCINATED,CORRECT,easy
Does open access publishing increase the impact of scientific articles?,HALLUCINATED,CORRECT,medium
In vivo visualization of pyloric mucosal hypertrophy in infants with hypertrophic pyloric stenosis: is there an etiologic role?,REAL,CORRECT,hard
Does the early adopter of drugs exist?,REAL,CORRECT,hard
Does high blood pressure reduce the risk of chronic low back pain?,HALLUCINATED,HALLUCINATED.,hard
Does responsibility affect the public's valuation of health care interventions?,REAL,CORRECT,hard
Nasal fractures:  is closed reduction satisfying?,HALLUCINATED,CORRECT,hard
"Do improvements in outreach, clinical, and family and community-based services predict improvements in child survival?",REAL,CORRECT,medium
Does spontaneous remission occur in polyarteritis nodosa?,REAL,CORRECT,hard
Gluten tolerance in adult patients with celiac disease 20 years after diagnosis?,REAL,CORRECT,hard
Do symptoms predict COPD in smokers?,HALLUCINATED,HALLUCINATED.,hard
Search engine as a diagnostic tool in difficult immunological and allergologic cases: is Google useful?,HALLUCINATED,HALLUCINATED,hard
Uniformity of evidence-based treatments in practice?,REAL,CORRECT,hard
Do approved doctors and medical referees in the UK agree when assessing a seafarer's fitness?,REAL,CORRECT,medium
Hepatorenal syndrome: are we missing some prognostic factors?,HALLUCINATED,HALLUCINATED.,easy
Vaginal dose assessment in image-guided brachytherapy for cervical cancer: Can we really rely on dose-point evaluation?,HALLUCINATED,HALLUCINATED.,hard
Prescriptions as a proxy for asthma in children: a good choice?,REAL,HALLUCINATED,easy
Does the familial transmission of drinking patterns persist into young adulthood?,HALLUCINATED,HALLUCINATED.,easy
Proof of concept study: does fenofibrate have a role in sleep apnoea syndrome?,REAL,CORRECT,medium
Can mental imagery functional magnetic resonance imaging predict recovery in patients with disorders of consciousness?,HALLUCINATED,CORRECT,easy
The nurse cystoscopist: a feasible option?,REAL,CORRECT,medium
Is cardiovascular evaluation necessary prior to and during beta-blocker therapy for infantile hemangiomas?,REAL,CORRECT,medium
Is specialty care associated with improved survival of patients with congestive heart failure?,HALLUCINATED,HALLUCINATED.,medium
Can the prognosis of polymyalgia rheumatica be predicted at disease onset?,HALLUCINATED,HALLUCINATED.,easy
Should ascitis volume and anthropometric measurements be estimated in hospitalized alcoholic cirrotics?,HALLUCINATED,HALLUCINATED.,easy
The use of audit to identify maternal mortality in different settings: is it just a difference between the rich and the poor?,HALLUCINATED,CORRECT,medium
Could the extent of lymphadenectomy be modified by neoadjuvant chemotherapy in cervical cancer?,HALLUCINATED,CORRECT,medium
Do Wound Cultures Give Information About the Microbiology of Blood Cultures in Severe Burn Patients?,REAL,CORRECT,easy
Are behavioural risk factors to be blamed for the conversion from optimal blood pressure to hypertensive status in Black South Africans?,HALLUCINATED,HALLUCINATED.,medium
Systematic use of patient-rated depression severity monitoring: is it helpful and feasible in clinical psychiatry?,REAL,CORRECT,medium
Treadmill training post stroke: are there any secondary benefits?,HALLUCINATED,HALLUCINATED.,easy
Does lunar position influence the time of delivery?,HALLUCINATED,HALLUCINATED.,medium
Is oral endotracheal intubation efficacy impaired in the helicopter environment?,REAL,CORRECT,hard
Prostatic syndrome and pleural effusion: are they different diseases?,REAL,CORRECT,hard
Telemedicine and type 1 diabetes: is technology per se sufficient to improve glycaemic control?,HALLUCINATED,CORRECT,hard
Is controlled ovarian stimulation in intrauterine insemination an acceptable therapy in couples with unexplained non-conception in the perspective of multiple pregnancies?,REAL,CORRECT,easy
Is half-dose contrast-enhanced three-dimensional MR angiography sufficient for the abdominal aorta and pelvis?,HALLUCINATED,CORRECT,hard
Digital Tomosynthesis: A Viable Alternative to Noncontrast Computed Tomography for the Follow-Up of Nephrolithiasis?,HALLUCINATED,HALLUCINATED.,easy
High cumulative insulin exposure: a risk factor of atherosclerosis in type 1 diabetes?,HALLUCINATED,HALLUCINATED.,medium
Are hepatitis G virus and TT virus involved in cryptogenic chronic liver disease?,REAL,CORRECT,hard
Do older patients who refuse to participate in a self-management intervention in the Netherlands differ from older patients who agree to participate?,REAL,CORRECT,hard
Preoperative locoregional staging of gastric cancer: is there a place for magnetic resonance imaging?,HALLUCINATED,CORRECT,medium
Do familiar teammates request and accept more backup?,HALLUCINATED,CORRECT,hard
Transsphenoidal pituitary surgery in Cushing's disease: can we predict outcome?,HALLUCINATED,HALLUCINATED.,medium
Can bedside assessment reliably exclude aspiration following acute stroke?,HALLUCINATED,HALLUCINATED.,easy
Are UK radiologists satisfied with the training and support received in suspected child abuse?,REAL,HALLUCINATED,easy
Artefacts in 24-h pharyngeal and oesophageal pH monitoring: is simplification of pH data analysis feasible?,HALLUCINATED,HALLUCINATED,medium
Can the condition of the cell microenvironment of mediastinal lymph nodes help predict the risk of metastases in non-small cell lung cancer?,HALLUCINATED,HALLUCINATED.,medium
Are wandering and physically nonaggressive agitation equivalent?,REAL,CORRECT,medium
Is size-reducing ascending aortoplasty with external reinforcement an option in modern aortic surgery?,REAL,CORRECT,medium
Does depression diagnosis and antidepressant prescribing vary by location?,HALLUCINATED,HALLUCINATED.,medium
Can routinely collected ambulance data about assaults contribute to reduction in community violence?,REAL,CORRECT,easy
Volume change of uterine myomas during pregnancy: do myomas really grow?,HALLUCINATED,CORRECT,hard
Is laparoscopic adrenalectomy safe and effective for adrenal masses larger than 7 cm?,HALLUCINATED,HALLUCINATED.,easy
Upstream solutions: does the supplemental security income program reduce disability in the elderly?,REAL,CORRECT,hard
Profiling quality of care: Is there a role for peer review?,HALLUCINATED,HALLUCINATED.,easy
Eyelid-parotid metastasis: do we screen for coexisting masses?,REAL,CORRECT,hard
Will CT ordering practices change if we educate residents about the potential effects of radiation exposure?,HALLUCINATED,CORRECT,hard
Does context matter for the relationship between deprivation and all-cause mortality?,HALLUCINATED,HALLUCINATED.,hard
Does stress increase imitation of drinking behavior?,REAL,CORRECT,hard
School food policy at Dutch primary schools: room for improvement?,REAL,CORRECT,hard
Is the atopy patch test with house dust mites specific for atopic dermatitis?,REAL,CORRECT,easy
Juvenile osteochondritis dissecans: is it a growth disturbance of the secondary physis of the epiphysis?,HALLUCINATED,HALLUCINATED.,medium
Do preoperative statins reduce atrial fibrillation after coronary artery bypass grafting?,HALLUCINATED,HALLUCINATED.,easy
Is there a uniform basal endometrial gene expression profile during the implantation window in women who became pregnant in a subsequent ICSI cycle?,HALLUCINATED,HALLUCINATED.,hard
Can decisional algorithms replace global introspection in the individual causality assessment of spontaneously reported ADRs?,HALLUCINATED,CORRECT,medium
Can we rely on arterial line sampling in performing activated plasma thromboplastin time after cardiac surgery?,REAL,HALLUCINATED.,hard
Does timing of initial surfactant treatment make a difference in rates of chronic lung disease or mortality in premature infants?,REAL,CORRECT,easy
Clinician assessment for acute chest syndrome in febrile patients with sickle cell disease: is it accurate enough?,REAL,CORRECT,hard
Outcome Feedback within Emergency Medicine Training Programs: An Opportunity to Apply the Theory of Deliberate Practice?,HALLUCINATED,HALLUCINATED.,easy
Can multiple SNP testing in BRCA2 and BRCA1 female carriers be used to improve risk prediction models in conjunction with clinical assessment?,REAL,CORRECT,medium
Does a special interest in laparoscopy affect the treatment of acute cholecystitis?,REAL,CORRECT,medium
Can progression of valvar aortic stenosis be predicted accurately?,REAL,CORRECT,easy
Does automatic transmission improve driving behavior in older drivers?,REAL,CORRECT,medium
Birth characteristics and risk of low intellectual performance in early adulthood: are the associations confounded by socioeconomic factors in adolescence or familial effects?,HALLUCINATED,HALLUCINATED.,easy
Is scintigraphy a guideline method in determining amputation levels in diabetic foot?,HALLUCINATED,HALLUCINATED.,hard
Is determination between complete and incomplete traumatic spinal cord injury clinically relevant?,REAL,CORRECT,medium
Improvements in survival of gynaecological cancer in the Anglia region of England: are these an effect of centralisation of care and use of multidisciplinary management?,HALLUCINATED,CORRECT,medium
Do symptoms matter when considering patients for phase I clinical trials?,REAL,CORRECT,easy
Is vitamin D insufficiency or deficiency related to the development of osteochondritis dissecans?,HALLUCINATED,HALLUCINATED.,easy
Do episodic migraineurs selectively attend to headache-related visual stimuli?,HALLUCINATED,HALLUCINATED.,medium
Mitral replacement or repair for functional mitral regurgitation in dilated and ischemic cardiomyopathy: is it really the same?,REAL,CORRECT,easy
Do nontriploid partial hydatidiform moles exist?,REAL,HALLUCINATED,hard
Is cholecystectomy really an indication for concomitant splenectomy in mild hereditary spherocytosis?,REAL,CORRECT,easy
Does surgery or radiation therapy impact survival for patients with extrapulmonary small cell cancers?,REAL,CORRECT,easy
MR Diagnosis of Bone Metastases at 1.5 T and 3 T: Can STIR Imaging Be Omitted?,HALLUCINATED,HALLUCINATED,hard
Histologic evaluation of the testicular remnant associated with the vanishing testes syndrome: is surgical management necessary?,REAL,CORRECT,medium
Does pain intensity predict a poor opioid response in cancer patients?,HALLUCINATED,HALLUCINATED.,hard
Do prerecorded lecture VODcasts affect lecture attendance of first-yearpre-clinical Graduate Entry to Medicine students?,REAL,CORRECT,medium
Is there an intrauterine influence on obesity?,HALLUCINATED,HALLUCINATED.,hard
Assessing Patient Reported Outcomes Measures via Phone Interviews Versus Patient Self-Survey in the Clinic: Are We Measuring the Same Thing?,REAL,CORRECT,hard
Is cytokeratin immunoreactivity useful in the diagnosis of short-segment Barrett's oesophagus in Korea?,HALLUCINATED,HALLUCINATED,medium
Is routine dissection of the station 9 lymph nodes really necessary for primary lung cancer?,HALLUCINATED,CORRECT,medium
Cutaneous melanoma in a multiethnic population: is this a different disease?,REAL,CORRECT,hard
"Marital status, living arrangement and mortality: does the association vary by gender?",REAL,CORRECT,hard
Does somatostatin confer insulinostatic effects of neuromedin u in the rat pancreas?,HALLUCINATED,CORRECT,easy
Kell alloimmunization in pregnancy: associated with fetal thrombocytopenia?,REAL,CORRECT,hard
Application of computer-aided diagnosis (CAD) in MR-mammography (MRM): do we really need whole lesion time curve distribution analysis?,REAL,CORRECT,hard
Vaccine protection in the elderly: are Austrian seniors adequately protected by vaccinations?,HALLUCINATED,HALLUCINATED.,hard
Vitamin D supplementation and regulatory T cells in apparently healthy subjects: vitamin D treatment for autoimmune diseases?,REAL,CORRECT,hard
Gynecological cancer alarm symptoms: is contact with specialist care associated with lifestyle and socioeconomic status?,REAL,CORRECT,medium
Does elective re-siting of intravenous cannulae decrease peripheral thrombophlebitis?,REAL,CORRECT,easy
Can third trimester ultrasound predict the presentation of the first twin at delivery?,REAL,CORRECT,medium
Risk factors for major depression during midlife among a community sample of women with and without prior major depression: are they the same or different?,REAL,CORRECT,easy
Totally implantable venous access device placement by interventional radiologists: are prophylactic antibiotics necessary?,REAL,CORRECT,medium
Starting insulin in type 2 diabetes: continue oral hypoglycemic agents?,HALLUCINATED,CORRECT,medium
Clinical identifiers for early-stage primary/idiopathic adhesive capsulitis: are we seeing the real picture?,HALLUCINATED,CORRECT,hard
"Does delaying surgery in immature adolescent idiopathic scoliosis patients with progressive curve, lead to addition of fusion levels?",REAL,CORRECT,easy
Bactericidal activity of 3 cutaneous/mucosal antiseptic solutions in the presence of interfering substances: Improvement of the NF EN 13727 European Standard?,REAL,CORRECT,medium
Empiric treatment of uncomplicated urinary tract infection with fluoroquinolones in older women in Israel: another lost treatment option?,HALLUCINATED,HALLUCINATED.,easy
Do risk calculators accurately predict surgical site occurrences?,REAL,CORRECT,easy
Can EMS Providers Provide Appropriate Tidal Volumes in a Simulated Adult-sized Patient with a Pediatric-sized Bag-Valve-Mask?,REAL,CORRECT,hard
Can students' scores on preclerkship clinical performance examinations predict that they will fail a senior clinical performance examination?,HALLUCINATED,HALLUCINATED.,easy
"Recovery Outcome Measures: Is There a Place for Culture, Attitudes, and Faith?",REAL,CORRECT,medium
Can surgeon familiarization with current evidence lead to a change in practice?,REAL,CORRECT,hard
Advanced epithelial ovarian carcinoma in Thai women: should we continue to offer second-look laparotomy?,HALLUCINATED,HALLUCINATED.,medium
Is high-sensitivity C-reactive protein associated with carotid atherosclerosis in healthy Koreans?,REAL,CORRECT,medium
Validation of the 2009 TNM version in a large multi-institutional cohort of patients treated for renal cell carcinoma: are further improvements needed?,REAL,CORRECT,medium
Are interstitial fluid concentrations of meropenem equivalent to plasma concentrations in critically ill patients receiving continuous renal replacement therapy?,REAL,CORRECT,easy
Does Sensation Return to the Nasal Tip After Microfat Grafting?,REAL,CORRECT,easy
Do older men benefit from curative therapy of localized prostate cancer?,REAL,CORRECT,easy
Pituitary apoplexy: do histological features influence the clinical presentation and outcome?,HALLUCINATED,CORRECT,easy
Do African American women require fewer calories to maintain weight?,REAL,CORRECT,hard
Emergency double-balloon enteroscopy combined with real-time viewing of capsule endoscopy: a feasible combined approach in acute overt-obscure gastrointestinal bleeding?,HALLUCINATED,CORRECT,hard
Cardiopulmonary bypass temperature does not affect postoperative euthyroid sick syndrome?,HALLUCINATED,HALLUCINATED.,easy
Body dysmorphic disorder: does it have a psychotic subtype?,REAL,CORRECT,easy
Does receipt of hospice care in nursing homes improve the management of pain at the end of life?,REAL,CORRECT,easy
Fulfilling human resources development goal in West Africa: can the training of ophthalmologist diplomates be improved?,HALLUCINATED,CORRECT,hard
Does binge drinking during early pregnancy increase the risk of psychomotor deficits?,HALLUCINATED,HALLUCINATED.,hard
Does tranexamic acid reduce desmopressin-induced hyperfibrinolysis?,REAL,CORRECT,medium
Does ultrasound-scored synovitis depend on the pharmacokinetics of subcutaneous anti-TNF agents in patients with rheumatoid arthritis?,HALLUCINATED,HALLUCINATED.,medium
Counter sampling combined with medical provider education: do they alter prescribing behavior?,HALLUCINATED,CORRECT,hard
Global Longitudinal Pathway: has medical education curriculum influenced medical students' skills and attitudes toward culturally diverse populations?,HALLUCINATED,CORRECT,hard
Failed IUD insertions in community practice: an under-recognized problem?,HALLUCINATED,HALLUCINATED.,medium
Type II supracondylar humerus fractures: can some be treated nonoperatively?,HALLUCINATED,HALLUCINATED.,medium
The promise of specialty pharmaceuticals: are they worth the price?,HALLUCINATED,HALLUCINATED.,medium
Does invasive diagnosis of nosocomial pneumonia during off-hours delay treatment?,REAL,CORRECT,easy
Undescended testes: does age at orchiopexy affect survival of the testis?,HALLUCINATED,CORRECT,hard
"Do lipids, blood pressure, diabetes, and smoking confer equal risk of myocardial infarction in women as in men?",REAL,CORRECT,hard
Does family practice at residency teaching sites reflect community practice?,REAL,CORRECT,hard
Midwives' competence: is it affected by working in a rural location?,HALLUCINATED,HALLUCINATED.,easy
The effective orifice area/patient aortic annulus area ratio: a better way to compare different bioprostheses?,REAL,CORRECT,medium
Evaluation of pediatric VCUG at an academic children's hospital: is the radiographic scout image necessary?,REAL,CORRECT,hard
Are endometrial polyps from pre-menopausal women similar to post-menopausal women?,REAL,CORRECT,hard
Does accompanying metabolic syndrome contribute to heart dimensions in hypertensive patients?,HALLUCINATED,CORRECT,hard
The Prevalence of Incidentally Detected Idiopathic Misty Mesentery on Multidetector Computed Tomography: Can Obesity Be the Triggering Cause?,HALLUCINATED,CORRECT,medium
Are pediatric concussion patients compliant with discharge instructions?,HALLUCINATED,HALLUCINATED.,hard
Is the zeolite hemostatic agent beneficial in reducing blood loss during arterial injury?,HALLUCINATED,HALLUCINATED,medium
Treatment as prevention in resource-limited settings: is it feasible to maintain HIV viral load suppression over time?,REAL,CORRECT,hard
Are octogenarians at high risk for carotid endarterectomy?,HALLUCINATED,CORRECT,hard
Has the mammography quality standards act affected the mammography quality in North Carolina?,HALLUCINATED,HALLUCINATED.,hard
Do hospitals provide lower quality care on weekends?,REAL,CORRECT,medium
Screening History Among Women with Invasive Cervical Cancer in an Academic Medical Center: Will We Miss Cancers Following Updated Guidelines?,HALLUCINATED,CORRECT,easy
Oral mucocele/ranula: Another human immunodeficiency virus-related salivary gland disease?,HALLUCINATED,HALLUCINATED.,hard
Is there an increase in the incidence of gbs carrier rates among pregnant women in northern Israel?,HALLUCINATED,CORRECT,medium
Does a dedicated discharge coordinator improve the quality of hospital discharge?,REAL,CORRECT,hard
Can dobutamine stress echocardiography induce cardiac troponin elevation?,HALLUCINATED,HALLUCINATED.,hard
Cigarettes and cinema: does parental restriction of R-rated movie viewing reduce adolescent smoking susceptibility?,REAL,CORRECT,hard
Are laboratories reporting serum quantitative hCG results correctly?,REAL,CORRECT,medium
Steroids in aminoglycoside-containing ear drops: do they reduce cochlear toxicity?,REAL,HALLUCINATED,hard
Does having a regular primary care clinician improve quality of preventive care for young children?,REAL,CORRECT,medium
Does performance in selection processes predict performance as a dental student?,REAL,CORRECT,hard
Is it time to reconsider lobectomy in low-risk paediatric thyroid cancer?,HALLUCINATED,HALLUCINATED,easy
Is an advance care planning model feasible in community palliative care?,REAL,CORRECT,medium
Do preoperative serum C-reactive protein levels predict the definitive pathological stage in patients with clinically localized prostate cancer?,REAL,HALLUCINATED,easy
Sub-classification of low-grade cerebellar astrocytoma: is it clinically meaningful?,REAL,CORRECT,medium
After CLASS--Is a voluntary public insurance program a realistic way to meet the long-term support and service needs of adults with disabilities?,HALLUCINATED,CORRECT,hard
Is intraoperative neuromonitoring associated with better functional outcome in patients undergoing open TME?,REAL,CORRECT,hard
Can we predict which head and neck cancer survivors develop fears of recurrence?,REAL,CORRECT,easy
The secular growth acceleration: does it appear during fetal life?,HALLUCINATED,HALLUCINATED.,hard
Does hippocampal atrophy on MRI predict cognitive decline?,REAL,CORRECT,hard
Chemoradiotherapy in the management of locally advanced squamous cell carcinoma esophagus: is surgical resection required?,REAL,HALLUCINATED.,hard
Does quantitative left ventricular regional wall motion change after fibrous tissue resection in endomyocardial fibrosis?,HALLUCINATED,HALLUCINATED.,hard
Bridge experience with long-term implantable left ventricular assist devices. Are they an alternative to transplantation?,REAL,CORRECT,hard
Does occupational nuclear power plant radiation affect conception and pregnancy?,HALLUCINATED,HALLUCINATED.,medium
Lloyd-Davies position with Trendelenburg--a disaster waiting to happen?,REAL,CORRECT,medium
Is patient outcome compromised during the initial experience with robot-assisted radical cystectomy?,REAL,CORRECT,medium
Is the Retromandibular Transparotid Approach a Reliable Option for the Surgical Treatment of Condylar Fractures?,REAL,CORRECT,easy
Appendectomy timing: Will delayed surgery increase the complications?,HALLUCINATED,CORRECT,hard
Treatment of vitamin D deficiency in CKD patients with ergocalciferol: are current K/DOQI treatment guidelines adequate?,HALLUCINATED,HALLUCINATED.,easy
Comparing femoral version after intramedullary nailing performed by trauma-trained and non-trauma trained surgeons: is there a difference?,HALLUCINATED,HALLUCINATED.,easy
Does Viral Co-Infection Influence the Severity of Acute Respiratory Infection in Children?,HALLUCINATED,HALLUCINATED.,medium
Will clinical studies elucidate the connection between the length of storage of transfused red blood cells and clinical outcomes?,REAL,CORRECT,medium
Cardiogenic shock complicating acute myocardial infarction in elderly patients: does admission to a tertiary center improve survival?,HALLUCINATED,HALLUCINATED.,easy
Learning needs of postpartum women: does socioeconomic status matter?,HALLUCINATED,HALLUCINATED.,hard
Pitfalls in urinary stone identification using CT attenuation values: are we getting the same information on different scanner models?,HALLUCINATED,HALLUCINATED,easy
Laminoplasty outcomes: is there a difference between patients with degenerative stenosis and those with ossification of the posterior longitudinal ligament?,REAL,CORRECT,medium
Immunohistochemical assessment of steroid hormone receptors in tissues of the anal canal. Implications for anal incontinence?,REAL,CORRECT,medium
Is acute fibrinous and organizing pneumonia the expression of immune dysregulation?,REAL,CORRECT,easy
Hypotension in patients with coronary disease: can profound hypotensive events cause myocardial ischaemic events?,REAL,CORRECT,hard
An HIV1/2 point of care test on sputum for screening TB/HIV co-infection in Central India - Will it work?,REAL,CORRECT,hard
Do inhaled corticosteroids affect perception of dyspnea during bronchoconstriction in asthma?,HALLUCINATED,HALLUCINATED.,medium
Is routine chest radiography after transbronchial biopsy necessary?,HALLUCINATED,HALLUCINATED.,easy
Is it safe to perform rectal anastomosis in gynaecological debulking surgery without a diverting stoma?,REAL,HALLUCINATED,hard
Does angiotensin-converting enzyme-1 (ACE-1) gene polymorphism lead to chronic kidney disease among hypertensive patients?,REAL,CORRECT,easy
Does laparoscopic antireflux surgery improve quality of life in patients whose gastro-oesophageal reflux disease is well controlled with medical therapy?,HALLUCINATED,HALLUCINATED.,hard
Is semi-closed endarterectomy of the superficial femoral artery combined with a short venous bypass in case of insufficient venous material an acceptable alternative for limb-threatening ischemia?,REAL,CORRECT,medium
Can biofeedback training of psychophysiological responses enhance athletes' sport performance?,REAL,CORRECT,hard
Do cytokines have any role in epilepsy?,HALLUCINATED,CORRECT,hard
Cue-induced behavioural activation: a novel model of alcohol craving?,REAL,CORRECT,easy
Can routine offering of influenza vaccination in office-based settings reduce racial and ethnic disparities in adult influenza vaccination?,REAL,CORRECT,medium
Colorectal cancer in young patients: is it a distinct clinical entity?,REAL,CORRECT,medium
Can implant retention be recommended for treatment of infected TKA?,REAL,CORRECT,easy
Long-term significance of postictal psychotic episodes II. Are they predictive of interictal psychotic episodes?,HALLUCINATED,HALLUCINATED.,easy
Do primary care physicians underprescribe antibiotics for peptic ulcer disease?,REAL,CORRECT,easy
Blunt trauma in intoxicated patients: is computed tomography of the abdomen always necessary?,HALLUCINATED,CORRECT,easy
Chronic progressive cervical myelopathy with HTLV-I infection: Variant form of HAM/TSP?,REAL,CORRECT,medium
Gender difference in survival of resected non-small cell lung cancer: histology-related phenomenon?,REAL,CORRECT,easy
Is lumbar drainage of postoperative cerebrospinal fluid fistula after spine surgery effective?,REAL,CORRECT,easy
Is obesity a risk factor for wheezing among adolescents?,HALLUCINATED,HALLUCINATED.,medium
Dose end-tidal carbon dioxide measurement correlate with arterial carbon dioxide in extremely low birth weight infants in the first week of life?,REAL,CORRECT,easy
Is CA72-4 a useful biomarker in differential diagnosis between ovarian endometrioma and epithelial ovarian cancer?,REAL,CORRECT,hard
Preservation of the PCL when performing cruciate-retaining TKA: Is the tibial tuberosity a reliable predictor of the PCL footprint location?,REAL,CORRECT,hard
The English antibiotic awareness campaigns: did they change the public's knowledge of and attitudes to antibiotic use?,HALLUCINATED,HALLUCINATED.,medium
Does increased nerve length within the treatment volume improve trigeminal neuralgia radiosurgery?,REAL,HALLUCINATED.,easy
Is the affinity column-mediated immunoassay method suitable as an alternative to the microparticle enzyme immunoassay method as a blood tacrolimus assay?,HALLUCINATED,CORRECT,hard
Should tumor depth be included in prognostication of soft tissue sarcoma?,HALLUCINATED,HALLUCINATED.,hard
Is amoxapine an atypical antipsychotic?,REAL,CORRECT,medium
Does topical N-acetylcysteine application after myringotomy cause severe otorrhea?,HALLUCINATED,CORRECT,hard
Is non-HDL-cholesterol a better predictor of long-term outcome in patients after acute myocardial infarction compared to LDL-cholesterol?,HALLUCINATED,CORRECT,easy
Is intrapartum vibroacoustic stimulation an effective predictor of fetal acidosis?,REAL,CORRECT,easy
The association of puberty and young adolescent alcohol use: do parents have a moderating role?,HALLUCINATED,HALLUCINATED.,hard
Must early postoperative oral intake be limited to laparoscopy?,REAL,CORRECT,easy
Does loss of consciousness predict neuropsychological decrements after concussion?,HALLUCINATED,HALLUCINATED.,medium
Does body mass index (BMI) influence morbidity and long-term survival in gastric cancer patients after gastrectomy?,HALLUCINATED,HALLUCINATED.,hard
Does patella position influence ligament balancing in total knee arthroplasty?,REAL,CORRECT,easy
Is the advanced age a contraindication to GERD laparoscopic surgery?,REAL,CORRECT,hard
Ultra high risk (UHR) for psychosis criteria: are there different levels of risk for transition to psychosis?,REAL,CORRECT,medium
Has the 80-hour workweek improved surgical resident education in New England?,HALLUCINATED,HALLUCINATED.,hard
Can continuous physical training counteract aging effect on myoelectric fatigue?,REAL,CORRECT,easy
Does ischemic preconditioning require reperfusion before index ischemia?,REAL,CORRECT,easy
Are sports medicine journals relevant and applicable to practitioners and athletes?,REAL,CORRECT,hard
Does head positioning influence anterior chamber depth in pseudoexfoliation syndrome?,REAL,CORRECT,medium
Are polymorphisms in oestrogen receptors genes associated with lipid levels in response to hormone therapy?,REAL,CORRECT,medium
Sternal plating for primary and secondary sternal closure; can it improve sternal stability?,REAL,CORRECT,hard
Can dose reduction to one parotid gland prevent xerostomia?,REAL,CORRECT,easy
Is the histidine triad nucleotide-binding protein 1 (HINT1) gene a candidate for schizophrenia?,HALLUCINATED,HALLUCINATED,easy
Increased neutrophil migratory activity after major trauma: a factor in the etiology of acute respiratory distress syndrome?,REAL,CORRECT,easy
BCRABL transcript detection by quantitative real-time PCR : are correlated results possible from homebrew assays?,HALLUCINATED,CORRECT,hard
Does higher body mass index contribute to worse asthma control in an urban population?,HALLUCINATED,HALLUCINATED.,hard
Does a physician's specialty influence the recording of medication history in patients' case notes?,REAL,CORRECT,medium
Living in an urban environment and non-communicable disease risk in Thailand: Does timing matter?,HALLUCINATED,HALLUCINATED.,hard
Is renal warm ischemia over 30 minutes during laparoscopic partial nephrectomy possible?,HALLUCINATED,CORRECT,easy
Does a febrile reaction to platelets predispose recipients to red blood cell alloimmunization?,HALLUCINATED,CORRECT,hard
Maternal creatine homeostasis is altered during gestation in the spiny mouse: is this a metabolic adaptation to pregnancy?,HALLUCINATED,CORRECT,easy
Pap smears with glandular cell abnormalities: Are they detected by rapid prescreening?,HALLUCINATED,CORRECT,hard
The HELPP syndrome--evidence of a possible systemic inflammatory response in pre-eclampsia?,HALLUCINATED,HALLUCINATED.,hard
Spleen-preserving distal pancreatectomy with resection of the splenic vessels. Should one rely on the short gastric arteries?,HALLUCINATED,CORRECT,easy
Delayed peripheral facial palsy in the stapes surgery: can it be prevented?,HALLUCINATED,HALLUCINATED,medium
Hepatic arterial embolization for unresectable hepatocellular carcinomas: do technical factors affect prognosis?,HALLUCINATED,CORRECT,medium
Are pelvic anatomical structures in danger during arthroscopic acetabular labral repair?,HALLUCINATED,HALLUCINATED.,easy
Staging laparoscopy in patients with hepatocellular carcinoma: is it useful?,REAL,CORRECT,hard
Can echocardiography and ECG discriminate hereditary transthyretin V30M amyloidosis from hypertrophic cardiomyopathy?,HALLUCINATED,HALLUCINATED,medium
Does pediatric housestaff experience influence tests ordered for infants in the neonatal intensive care unit?,HALLUCINATED,CORRECT,medium
Is robotically assisted laparoscopic radical prostatectomy less invasive than retropubic radical prostatectomy?,REAL,HALLUCINATED.,hard
Nasal polyposis: is there an inheritance pattern?,REAL,CORRECT,hard
c-Kit-dependent growth of uveal melanoma cells: a potential therapeutic target?,REAL,CORRECT,easy
Pharmacologic regimens for knee osteoarthritis prevention: can they be cost-effective?,HALLUCINATED,HALLUCINATED.,easy
Is anorectal endosonography valuable in dyschesia?,HALLUCINATED,CORRECT,medium
Production of chemokines by perivascular adipose tissue: a role in the pathogenesis of atherosclerosis?,HALLUCINATED,HALLUCINATED.,easy
Continuity of care experience of residents in an academic vascular department: are trainees learning complete surgical care?,REAL,CORRECT,medium
Household and food shopping environments: do they play a role in socioeconomic inequalities in fruit and vegetable consumption?,HALLUCINATED,HALLUCINATED.,hard
Does birth center care during a woman's first pregnancy have any impact on her future reproduction?,HALLUCINATED,HALLUCINATED.,easy
Are environmental factors important in primary systemic vasculitis?,REAL,CORRECT,easy
Is low serum chloride level a risk factor for cardiovascular mortality?,REAL,CORRECT,hard
Is EQ-5D a valid quality of life instrument in patients with acute coronary syndrome?,REAL,CORRECT,medium
Could Adult European Pharmacoresistant Epilepsy Patients Be Treated With Higher Doses of Zonisamide?,HALLUCINATED,HALLUCINATED.,hard
Does early migraine treatment shorten time to headache peak and reduce its severity?,HALLUCINATED,HALLUCINATED.,medium
Does the manic/mixed episode distinction in bipolar disorder patients run true over time?,HALLUCINATED,HALLUCINATED.,hard
Post-tonsillectomy late haemorrhage: is it a preferably night-time event?,HALLUCINATED,CORRECT,hard
Acute hepatitis C in Israel: a predominantly iatrogenic disease?,REAL,CORRECT,easy
Out of the smokescreen II: will an advertisement targeting the tobacco industry affect young people's perception of smoking in movies and their intention to smoke?,HALLUCINATED,HALLUCINATED.,hard
Do adjuvant aromatase inhibitors increase the cardiovascular risk in postmenopausal women with early breast cancer?,HALLUCINATED,HALLUCINATED.,medium
Metastatic carcinoma to the cervical nodes from an unknown head and neck primary site: Is there a need for neck dissection?,REAL,CORRECT,easy
Cardiac reoperations in octogenarians: Do they really benefit?,REAL,CORRECT,easy
Location and number of sutures placed for hiatal hernia repair during laparoscopic adjustable gastric banding: does it matter?,REAL,CORRECT,medium
Is Alveolar Macrophage Phagocytic Dysfunction in Children With Protracted Bacterial Bronchitis a Forerunner to Bronchiectasis?,HALLUCINATED,CORRECT,hard
Do elderly patients benefit from surgery in addition to radiotherapy for treatment of metastatic spinal cord compression?,REAL,HALLUCINATED.,easy
Are WHO/UNAIDS/UNICEF-recommended replacement milks for infants of HIV-infected mothers appropriate in the South African context?,HALLUCINATED,HALLUCINATED,medium
Is minilaparoscopic inguinal hernia repair feasible?,REAL,CORRECT,easy
Surgical treatment of prosthetic valve endocarditis in patients with double prostheses: is single-valve replacement safe?,REAL,CORRECT,hard
Epidural analgesia for surgical treatment of peritoneal carcinomatosis: a risky technique?,HALLUCINATED,HALLUCINATED.,easy
Risk stratification in emergency surgical patients: is the APACHE II score a reliable marker of physiological impairment?,REAL,CORRECT,medium
Are physicians meeting the needs of family caregivers of the frail elderly?,REAL,CORRECT,hard
Can nonproliferative breast disease and proliferative breast disease without atypia be distinguished by fine-needle aspiration cytology?,REAL,CORRECT,easy
Are Reviewers' Scores Influenced by Citations to Their Own Work?,HALLUCINATED,CORRECT,easy
Does the central venous pressure predict fluid responsiveness?,REAL,HALLUCINATED,medium
Memory-provoked rCBF-SPECT as a diagnostic tool in Alzheimer's disease?,HALLUCINATED,HALLUCINATED.,medium
Can we ease the financial burden of colonoscopy?,REAL,CORRECT,hard
Is low birth weight a risk indicator for congenital cytomegalovirus infection?,REAL,CORRECT,hard
Is external palliative radiotherapy for gallbladder carcinoma effective?,REAL,CORRECT,medium
Is discordance in TEOAE and AABR outcomes predictable in newborns?,REAL,CORRECT,hard
Chemical shift MRI: is there any contribution to morphologic evaluation of solid breast masses?,REAL,CORRECT,medium
Do some U.S. states have higher/lower injury mortality rates than others?,REAL,CORRECT,hard
Do European people with type 1 diabetes consume a high atherogenic diet?,HALLUCINATED,HALLUCINATED.,medium
Adults with mild intellectual disabilities: can their reading comprehension ability be improved?,HALLUCINATED,HALLUCINATED.,hard
Do antibiotics decrease post-tonsillectomy morbidity?,REAL,CORRECT,easy
Body diffusion-weighted MR imaging of uterine endometrial cancer: is it helpful in the detection of cancer in nonenhanced MR imaging?,REAL,CORRECT,easy
Do inhaled steroids differ from cromones in terms of hospital admission rates for asthma in children?,HALLUCINATED,HALLUCINATED.,medium
Substance use and HIV-related sexual behaviors among US high school students: are they related?,REAL,CORRECT,hard
Does sex influence the response to intravenous thrombolysis in ischemic stroke?,REAL,CORRECT,easy
Thrombosis prophylaxis in hospitalised medical patients: does prophylaxis in all patients make sense?,REAL,CORRECT,hard
Do teleoncology models of care enable safe delivery of chemotherapy in rural towns?,HALLUCINATED,CORRECT,medium
Does Paget's disease exist in India?,REAL,CORRECT,hard
Is There an Additional Value of Using Somatostatin Receptor Subtype 2a Immunohistochemistry Compared to Somatostatin Receptor Scintigraphy Uptake in Predicting Gastroenteropancreatic Neuroendocrine Tumor Response?,REAL,CORRECT,hard
Can vaginal pH be measured from the wet mount slide?,HALLUCINATED,HALLUCINATED.,medium
Does Molecular Genotype Provide Useful Information in the Management of Radioiodine Refractory Thyroid Cancers?,REAL,CORRECT,medium
Screening for gestational diabetes mellitus: are the criteria proposed by the international association of the Diabetes and Pregnancy Study Groups cost-effective?,HALLUCINATED,HALLUCINATED.,medium
Are higher rates of depression in women accounted for by differential symptom reporting?,REAL,CORRECT,easy
Follow-up of patients with new cardiovascular implantable electronic devices: are experts' recommendations implemented in routine clinical practice?,REAL,CORRECT,easy
Does limb-salvage surgery offer patients better quality of life and functional capacity than amputation?,REAL,CORRECT,hard
Serum angiotensin-converting enzyme and frequency of severe hypoglycaemia in Type 1 diabetes: does a relationship exist?,REAL,CORRECT,medium
Cervical spine fractures in geriatric blunt trauma patients with low-energy mechanism: are clinical predictors adequate?,REAL,CORRECT,medium
Do microbiological factors account for poor pregnancy outcome among unmarried pregnant women in Poland?,HALLUCINATED,HALLUCINATED.,hard
Should all patients be optimized to the same preoperative hemoglobin level to avoid transfusion in primary knee arthroplasty?,HALLUCINATED,CORRECT,medium
Is there any relation between cervical cord plaques and discopathy in patients with multiple sclerosis?,HALLUCINATED,CORRECT,easy
Is the processing of affective prosody influenced by spatial attention?,HALLUCINATED,HALLUCINATED.,easy
Is there a role for leukocyte and CRP measurements in the diagnosis of acute appendicitis in the elderly?,REAL,CORRECT,easy
Are bipolar disorders underdiagnosed in patients with depressive episodes?,REAL,CORRECT,hard
Prognosis of low-tone sudden deafness - does it inevitably progress to Meniere's disease?,HALLUCINATED,HALLUCINATED.,easy
Can pictorial warning labels on cigarette packages address smoking-related health disparities?,REAL,CORRECT,hard
Does patient-prosthesis mismatch after aortic valve replacement affect survival and quality of life in elderly patients?,REAL,CORRECT,hard
Is fear of anaphylactic shock discouraging surgeons from more widely adopting percutaneous and laparoscopic techniques in the treatment of liver hydatid cyst?,REAL,CORRECT,medium
Reporting and interpreting red blood cell morphology: is there discordance between clinical pathologists and clinicians?,HALLUCINATED,HALLUCINATED,easy
Does β-catenin have a role in pathogenesis of sebaceous cell carcinoma of the eyelid?,HALLUCINATED,HALLUCINATED.,hard
Is ultrasound equal to X-ray in pediatric fracture diagnosis?,REAL,HALLUCINATED.,easy
Measuring hospital mortality rates: are 30-day data enough?,HALLUCINATED,CORRECT,hard
Hearing loss: an unknown complication of pre-eclampsia?,REAL,CORRECT,easy
Is portable ultrasonography accurate in the evaluation of Schanz pin placement during extremity fracture fixation in austere environments?,HALLUCINATED,HALLUCINATED.,hard
Medical student education in emergency medicine: do students meet the national standards for clinical encounters of selected core conditions?,REAL,CORRECT,medium
A model of healing of Los Angeles grades C and D reflux oesophagitis: is there an optimal time of acid suppression for maximal healing?,REAL,CORRECT,medium
Gadofosveset-enhanced MR angiography of carotid arteries: does steady-state imaging improve accuracy of first-pass imaging?,REAL,CORRECT,hard
Sternal skin conductance: a reasonable surrogate for hot flash measurement?,REAL,HALLUCINATED,medium
Elephant trunk in a small-calibre true lumen for chronic aortic dissection: cause of haemolytic anaemia?,REAL,CORRECT,medium
Does partial expander deflation exacerbate the adverse effects of radiotherapy in two-stage breast reconstruction?,REAL,CORRECT,hard
Should temperature be monitorized during kidney allograft preservation?,REAL,CORRECT,hard
Can p53 alterations be used to predict tumour response to pre-operative chemo-radiotherapy in locally advanced rectal cancer?,REAL,HALLUCINATED,medium
Is irritable bowel syndrome a diagnosis of exclusion?,REAL,CORRECT,hard
Is pelvic pain associated with defecatory symptoms in women with pelvic organ prolapse?,REAL,CORRECT,easy
Does ibuprofen increase perioperative blood loss during hip arthroplasty?,REAL,CORRECT,easy
"Laparoscopic-assisted ileocolic resections in patients with Crohn's disease: are abscesses, phlegmons, or recurrent disease contraindications?",HALLUCINATED,CORRECT,hard
Has the use of complementary and alternative medicine therapies by U.S. adults with chronic disease-related functional limitations changed from 2002 to 2007?,HALLUCINATED,HALLUCINATED.,medium
Is extended aortic replacement in acute type A dissection justifiable?,HALLUCINATED,CORRECT,hard
Is intensive monitoring during the first transfusion in pediatric patients necessary?,REAL,CORRECT,hard
Effects of exercise training on heart rate and QT interval in healthy young individuals: are there gender differences?,HALLUCINATED,CORRECT,hard
Is coeliac disease screening in risk groups justified?,HALLUCINATED,HALLUCINATED.,easy
Analysis of the epidemiological pattern of Shigellosis in Barcelona between 1988 and 2012: Is it an emerging sexually transmitted infection?,HALLUCINATED,HALLUCINATED.,easy
A patient with myelomeningocele: is untethering necessary prior to scoliosis correction?,HALLUCINATED,HALLUCINATED,easy
Is aerobic workload positively related to ambulatory blood pressure?,REAL,CORRECT,hard
PREVALENCE OF THE STREPTOCOCUS AGALACTIAE IN THE PREGNANT WOMAN FROM THE AUTONOMIC CITY OF MELILLA: IS CULTURE A DETERMINANT FACTOR?,REAL,CORRECT,medium
Is fluoroscopy essential for retrieval of lower ureteric stones?,REAL,CORRECT,hard
Does the sequence of clamp application during open abdominal aortic aneurysm surgery influence distal embolisation?,HALLUCINATED,HALLUCINATED.,hard
Are lower fasting plasma glucose levels at diagnosis of type 2 diabetes associated with improved outcomes?,HALLUCINATED,CORRECT,medium
Do elderly patients call 911 when presented with clinical scenarios suggestive of acute stroke?,REAL,CORRECT,hard
Cerebromediastinal tuberculosis in a child with a probable Say-Barber-Miller syndrome: a causative link?,HALLUCINATED,HALLUCINATED,medium
Are virtual planning and guided surgery for head and neck reconstruction economically viable?,REAL,CORRECT,medium
Do overweight children necessarily make overweight adults?,HALLUCINATED,HALLUCINATED.,hard
Biliary atresia: should all patients undergo a portoenterostomy?,REAL,HALLUCINATED,hard
Does a history of unintended pregnancy lessen the likelihood of desire for sterilization reversal?,HALLUCINATED,HALLUCINATED.,medium
Does early discharge with nurse home visits affect adequacy of newborn metabolic screening?,HALLUCINATED,HALLUCINATED.,hard
Are stroke patients' reports of home blood pressure readings reliable?,REAL,CORRECT,hard
Does increasing blood pH stimulate protein synthesis in dialysis patients?,HALLUCINATED,HALLUCINATED.,medium
Can T-cell deficiency affect spatial learning ability following toluene exposure?,HALLUCINATED,HALLUCINATED.,easy
Is there a relationship between homocysteine and vitiligo?,REAL,CORRECT,hard
Do dermatomyositis and polymyositis affect similar thigh muscles?,HALLUCINATED,CORRECT,medium
Juvenile ankylosing spondylitis--is it the same disease as adult ankylosing spondylitis?,REAL,CORRECT,medium
Is Aspiration Thrombectomy Beneficial in Patients Undergoing Primary Percutaneous Coronary Intervention?,HALLUCINATED,HALLUCINATED.,medium
Can static foot posture measurements predict regional plantar surface area?,HALLUCINATED,HALLUCINATED,easy
Can dentists recognize manipulated digital radiographs?,REAL,HALLUCINATED,hard
Is delayed gastric emptying following pancreaticoduodenectomy related to pylorus preservation?,REAL,CORRECT,hard
Is Overexpression of Ki-67 a Prognostic Biomarker of Upper Tract Urinary Carcinoma?,REAL,CORRECT,easy
Does a delay in transfer to a rehabilitation unit for older people affect outcome after fracture of the proximal femur?,REAL,CORRECT,hard
Does the treatment of amblyopia normalise subfoveal choroidal thickness in amblyopic children?,REAL,CORRECT,medium
A comparison of 500 prefilled textured saline breast implants versus 500 standard textured saline breast implants: is there a difference in deflation rates?,HALLUCINATED,HALLUCINATED,easy
Do foreign bodies migrate through the body towards the heart?,HALLUCINATED,CORRECT,hard
Is there a relationship between serum paraoxonase level and epicardial fat tissue thickness?,REAL,CORRECT,hard
Chemoradiation instead of surgery to treat mid and low rectal tumors: is it safe?,REAL,HALLUCINATED,hard
Is calibration the cause of variation in liquid chromatography tandem mass spectrometry testosterone measurement?,HALLUCINATED,CORRECT,hard
Are complex coronary lesions more frequent in patients with diabetes mellitus?,HALLUCINATED,CORRECT,easy
Are variations in the use of carotid endarterectomy explained by population Need?,REAL,CORRECT,hard
Are there effects of intrauterine cocaine exposure on delinquency during early adolescence?,REAL,CORRECT,easy
Is expert breast pathology assessment necessary for the management of ductal carcinoma in situ ?,HALLUCINATED,HALLUCINATED.,easy
Thoracic and thoracoabdominal aneurysm repair: is reimplantation of spinal cord arteries a waste of time?,HALLUCINATED,HALLUCINATED.,medium
Is year of radical prostatectomy a predictor of outcome in prostate cancer?,HALLUCINATED,CORRECT,medium
Does health information exchange reduce redundant imaging?,HALLUCINATED,HALLUCINATED.,easy
Is decompressive surgery effective for spinal cord sarcoidosis accompanied with compressive cervical myelopathy?,REAL,HALLUCINATED,hard
Endovenous laser ablation in the treatment of small saphenous varicose veins: does site of access influence early outcomes?,HALLUCINATED,HALLUCINATED.,medium
Is a pressor necessary during aortic perfusion and oxygenation therapy of cardiac arrest?,HALLUCINATED,CORRECT,easy
Do people who were passive smokers during childhood have increased risk of long-term work disability?,HALLUCINATED,HALLUCINATED,hard
Is the covering of the resection margin after distal pancreatectomy advantageous?,REAL,HALLUCINATED,medium
Does treatment duration affect outcome after radiotherapy for prostate cancer?,HALLUCINATED,HALLUCINATED.,hard
Is the urinary biomarkers assessment a non-invasive approach to tubular lesions of the solitary kidney?,REAL,CORRECT,hard
Is there a role for fondaparinux in perioperative bridging?,REAL,CORRECT,easy
Motor performance in chronic low back pain: is there an influence of pain-related cognitions?,REAL,CORRECT,easy
Patient comprehension of emergency department care and instructions: are patients aware of when they do not understand?,REAL,CORRECT,medium
Can mandibular depiction be improved by changing the thickness of double-oblique computed tomography images?,REAL,HALLUCINATED.,hard
Adjuvant radiation of stage III thymoma: is it necessary?,REAL,CORRECT,medium
Inhibin: a new circulating marker of hydatidiform mole?,HALLUCINATED,CORRECT,hard
Is the fibronectin-aggrecan complex present in cervical disk disease?,HALLUCINATED,HALLUCINATED.,hard
Does peritoneal dialysis affect halitosis in patients with end-stage renal disease?,HALLUCINATED,HALLUCINATED.,medium
Can elevated troponin I levels predict complicated clinical course and inhospital mortality in patients with acute pulmonary embolism?,HALLUCINATED,HALLUCINATED.,medium
Is transurethral catheterisation the ideal method of bladder drainage?,REAL,CORRECT,easy
The colour of pain: can patients use colour to describe osteoarthritis pain?,HALLUCINATED,CORRECT,medium
Inpatient Pediatric Tonsillectomy: Does Hospital Type Affect Cost and Outcomes of Care?,HALLUCINATED,HALLUCINATED.,hard
Does anterior laxity of the uninjured knee influence clinical outcomes of ACL reconstruction?,HALLUCINATED,HALLUCINATED.,easy
Is the type of remission after a major depressive episode an important risk factor to relapses in a 4-year follow up?,HALLUCINATED,CORRECT,hard
Prostate-specific antigen and free prostate-specific antigen in the early detection of prostate cancer: do combination tests improve detection?,HALLUCINATED,CORRECT,medium
Can homemade alcohol (Raksi) be useful for preserving dead bodies?,HALLUCINATED,CORRECT,medium
Do elderly cancer patients have different care needs compared with younger ones?,HALLUCINATED,HALLUCINATED.,hard
Is breast cancer survival improving?,REAL,CORRECT,medium
Can common carotid intima media thickness serve as an indicator of both cardiovascular phenotype and risk among black Africans?,REAL,CORRECT,easy
Delayed diagnosis of anorectal malformations: are current guidelines sufficient?,REAL,CORRECT,hard
Is being small for gestational age a risk factor for retinopathy of prematurity?,REAL,HALLUCINATED,medium
Comparative safety of infliximab and etanercept on the risk of serious infections: does the association vary by patient characteristics?,HALLUCINATED,HALLUCINATED.,easy
Fast foods - are they a risk factor for asthma?,HALLUCINATED,HALLUCINATED.,medium
Can magnetic resonance-ultrasound fusion biopsy improve cancer detection in enlarged prostates?,REAL,CORRECT,easy
Does normothermic normokalemic simultaneous antegrade/retrograde perfusion improve myocardial oxygenation and energy metabolism for hypertrophied hearts?,REAL,HALLUCINATED.,medium
Are there progressive brain changes in schizophrenia?,REAL,CORRECT,hard
Does concept mapping enhance learning outcome of nursing students?,HALLUCINATED,HALLUCINATED.,easy
Is the Androgen Deficiency of Aging Men (ADAM) questionnaire useful for the screening of partial androgenic deficiency of aging men?,HALLUCINATED,HALLUCINATED.,medium
Does the Transmissible Liability Index (TLI) assessed in late childhood predict suicidal symptoms at young adulthood?,REAL,CORRECT,hard
Are there gender differences in the reasons why African Americans delay in seeking medical help for symptoms of an acute myocardial infarction?,HALLUCINATED,HALLUCINATED.,easy
Does histologic chorioamnionitis correspond to clinical chorioamnionitis?,REAL,CORRECT,hard
"Are lifetime prevalence of impetigo, molluscum and herpes infection really increased in children having atopic dermatitis?",HALLUCINATED,CORRECT,hard
Does sonographic needle guidance affect the clinical outcome of intraarticular injections?,HALLUCINATED,HALLUCINATED.,easy
Pancreas retransplantation:  a second chance for diabetic patients?,HALLUCINATED,HALLUCINATED.,medium
Factors determining the survival of nasopharyngeal carcinoma with lung metastasis alone: does combined modality treatment benefit?,REAL,CORRECT,medium
Do viral infections have a role in benign paroxysmal positional vertigo?,HALLUCINATED,HALLUCINATED.,medium
Does the enteral feeding advancement affect short-term outcomes in very low birth weight infants?,HALLUCINATED,HALLUCINATED.,medium
Is late-night salivary cortisol a better screening test for possible cortisol excess than standard screening tests in obese patients with Type 2 diabetes?,HALLUCINATED,HALLUCINATED.,easy
Does psychological distress predict disability?,HALLUCINATED,CORRECT,easy
Does preloading with colloids prevent hemodynamic changes when neurosurgical patients are subsequently changed to the seated position?,REAL,CORRECT,easy
Does continuous intravenous infusion of low-concentration epinephrine impair uterine blood flow in pregnant ewes?,REAL,CORRECT,easy
Is there a first night effect on sleep bruxism?,REAL,CORRECT,medium
Does menopausal transition affect the quality of life?,HALLUCINATED,HALLUCINATED.,hard
Can clinicians use the PHQ-9 to assess depression in people with vision loss?,REAL,CORRECT,medium
Should all human immunodeficiency virus-infected patients with end-stage renal disease be excluded from transplantation?,REAL,CORRECT,hard
Is the 7th TNM edition suitable for biological predictor in early gastric cancer?,REAL,CORRECT,medium
Does growth hormone replacement therapy reduce mortality in adults with growth hormone deficiency?,REAL,CORRECT,medium
Attaining negative margins in breast-conservation operations: is there a consensus among breast surgeons?,REAL,CORRECT,medium
Can serum be used for analyzing the EGFR mutation status in patients with advanced non-small cell lung cancer?,REAL,CORRECT,medium
Do Web-based and clinic samples of gay men living with HIV differ on self-reported physical and psychological symptoms?,HALLUCINATED,CORRECT,medium
Are patients with diabetes receiving the same message from dietitians and nurses?,HALLUCINATED,HALLUCINATED.,medium
Preparing patients at high risk of falls for discharge home after rehabilitation: Do we meet the guidelines?,REAL,CORRECT,medium
"Expression of c-kit protooncogen in hepatitis B virus-induced chronic hepatitis, cirrhosis and hepatocellular carcinoma: has it a diagnostic role?",REAL,CORRECT,hard
Longer term quality of life and outcome in stroke patients: is the Barthel index alone an adequate measure of outcome?,REAL,CORRECT,hard
Do women residents delay childbearing due to perceived career threats?,HALLUCINATED,HALLUCINATED.,easy
Do general practitioner hospitals reduce the utilisation of general hospital beds?,HALLUCINATED,HALLUCINATED.,medium
Some aspects of social exclusion: do they influence suicide mortality?,HALLUCINATED,HALLUCINATED.,medium
Does parity increase insulin resistance during pregnancy?,HALLUCINATED,CORRECT,hard
Informed consent for total hip arthroplasty: does a written information sheet improve recall by patients?,REAL,CORRECT,hard
Is gastric cancer different in Korea and the United States?,HALLUCINATED,CORRECT,hard
Do we need imaging to diagnose appendicitis in children?,HALLUCINATED,CORRECT,hard
Discharging patients earlier from Winnipeg hospitals: does it adversely affect quality of care?,REAL,CORRECT,hard
Does the distribution of health care benefits in Kenya meet the principles of universal coverage?,REAL,CORRECT,easy
Cholesterol screening in school children: is family history reliable to choose the ones to screen?,REAL,CORRECT,hard
Bony defects in chronic anterior posttraumatic dislocation of the shoulder: Is there a correlation between humeral and glenoidal lesions?,HALLUCINATED,HALLUCINATED.,hard
Do parents recall and understand children's weight status information after BMI screening?,REAL,CORRECT,easy
Does ambulatory process of care predict health-related quality of life outcomes for patients with chronic disease?,REAL,CORRECT,easy
Does perspective-taking increase patient satisfaction in medical encounters?,HALLUCINATED,HALLUCINATED.,easy
Is first-line single-agent mitoxantrone in the treatment of high-risk metastatic breast cancer patients as effective as combination chemotherapy?,REAL,CORRECT,medium
Are patients with Werlhof's disease at increased risk for bleeding complications when undergoing cardiac surgery?,REAL,CORRECT,hard
Is neck pain associated with worse health-related quality of life 6 months later?,REAL,CORRECT,hard
Does oral α-galactosidase relieve irritable bowel symptoms?,REAL,CORRECT,hard
Is there a connection between sublingual varices and hypertension?,REAL,CORRECT,hard
Can CT predict the level of CSF block in tuberculous hydrocephalus?,HALLUCINATED,CORRECT,hard
MR arthrography of the shoulder: do we need local anesthesia?,HALLUCINATED,HALLUCINATED,hard
Does cognitive function predict frequency compressed speech recognition in listeners with normal hearing and normal cognition?,REAL,HALLUCINATED,hard
Should cavitation in proximal surfaces be reported in cone beam computed tomography examination?,REAL,CORRECT,easy
Do supervised colorectal trainees differ from consultants in terms of quality of TME surgery?,REAL,CORRECT,medium
Affect-regulated exercise intensity: does training at an intensity that feels 'good' improve physical health?,REAL,CORRECT,medium
Do socioeconomic differences in mortality persist after retirement?,REAL,CORRECT,medium
Women with synchronous primary cancers of the endometrium and ovary: do they have Lynch syndrome?,HALLUCINATED,CORRECT,hard
Can emergency physicians accurately and reliably assess acute vertigo in the emergency department?,REAL,CORRECT,medium
Orthostatic myoclonus: an underrecognized cause of unsteadiness?,HALLUCINATED,CORRECT,hard
Is the cell death in mesial temporal sclerosis apoptotic?,REAL,CORRECT,medium
Contrast-enhanced MR imaging of hand and finger joints in patients with early rheumatoid arthritis: do we really need a full dose of gadobenate dimeglumine for assessing synovial enhancement at 3 T?,REAL,CORRECT,medium
Does laparoscopic cholecystectomy influence peri-sinusoidal cell activity?,REAL,HALLUCINATED.,hard
Does case-mix based reimbursement stimulate the development of process-oriented care delivery?,HALLUCINATED,CORRECT,hard
Risky sexual behavior among college students With ADHD: is the mother-child relationship protective?,REAL,CORRECT,medium
Rotator cuff tear--an occupational disease?,HALLUCINATED,HALLUCINATED,easy
Is there a need for pelvic CT scan in cases of renal cell carcinoma?,REAL,CORRECT,easy
Prognostic factors for cervical spondylotic amyotrophy: are signs of spinal cord involvement associated with the neurological prognosis?,REAL,CORRECT,hard
Parasacral sciatic nerve block: does the elicited motor response predict the success rate?,HALLUCINATED,HALLUCINATED.,medium
Is Bare-Metal Stent Implantation Still Justifiable in High Bleeding Risk Patients Undergoing Percutaneous Coronary Intervention?,HALLUCINATED,HALLUCINATED.,hard
Ovarian torsion in children: is oophorectomy necessary?,REAL,CORRECT,hard
Does minimal access major surgery in the newborn hurt less?,REAL,CORRECT,hard
Does aerobic fitness influence microvascular function in healthy adults at risk of developing Type 2 diabetes?,REAL,CORRECT,medium
Are high flow nasal cannulae noisier than bubble CPAP for preterm infants?,HALLUCINATED,HALLUCINATED.,hard
Nutritional assessment of gluten-free diet. Is gluten-free diet deficient in some nutrient?,HALLUCINATED,HALLUCINATED.,hard
Standardizing care in medical oncology: are Web-based systems the answer?,REAL,CORRECT,medium
"Antiretroviral therapy related adverse effects: Can sub-Saharan Africa cope with the new ""test and treat"" policy of the World Health Organization?",HALLUCINATED,CORRECT,hard
Are the elderly with oropharyngeal carcinoma undertreated?,REAL,CORRECT,easy
Preoperative staging of patients with liver metastases of colorectal carcinoma. Does PET/CT really add something to multidetector CT?,REAL,CORRECT,easy
Can myometrial electrical activity identify patients in preterm labor?,REAL,CORRECT,medium
Schizophrenia patients with high intelligence: A clinically distinct sub-type of schizophrenia?,HALLUCINATED,CORRECT,medium
Is ankle/arm pressure predictive for cardiovascular mortality in older patients living in nursing homes?,HALLUCINATED,HALLUCINATED.,medium
Is nasogastric decompression useful in prevention of leaks after laparoscopic sleeve gastrectomy?,HALLUCINATED,HALLUCINATED.,medium
The objective structured clinical examination: can physician-examiners participate from a distance?,HALLUCINATED,HALLUCINATED.,hard
CPAP therapy in patients with idiopathic pulmonary fibrosis and obstructive sleep apnea: does it offer a better quality of life and sleep?,REAL,CORRECT,easy
Does open access endoscopy close the door to an adequately informed patient?,HALLUCINATED,HALLUCINATED.,hard
Is hypoalbuminemia an independent prognostic factor in patients with gastric cancer?,REAL,CORRECT,hard
Can the postoperative pain level be predicted preoperatively?,HALLUCINATED,HALLUCINATED.,easy
Proliferative index obtained by DNA image cytometry. Does it add prognostic information in Auer IV breast cancer?,HALLUCINATED,HALLUCINATED,medium
Does skin care frequency affect the severity of incontinence-associated dermatitis in critically ill patients?,HALLUCINATED,HALLUCINATED.,medium
Is primary angioplasty an acceptable alternative to thrombolysis?,REAL,CORRECT,hard
Should HIV-infected patients be screened for silent myocardial ischaemia using gated myocardial perfusion SPECT?,HALLUCINATED,HALLUCINATED,hard
Does the aggressive use of polyvalent antivenin for rattlesnake bites result in serious acute side effects?,HALLUCINATED,HALLUCINATED.,medium
Do resident's leadership skills relate to ratings of technical skill?,REAL,CORRECT,medium
The FOOTSTEP self-management foot care programme: are rheumatoid arthritis patients physically able to participate?,REAL,CORRECT,medium
CYP2D6*4 allele and breast cancer risk: is there any association?,REAL,CORRECT,hard
Does base deficit predict mortality in patients with severe traumatic brain injury?,REAL,HALLUCINATED,medium
Does increased use of private health care reduce the demand for NHS care?,REAL,HALLUCINATED,easy
Does confined placental mosaicism account for adverse perinatal outcomes in IVF pregnancies?,REAL,CORRECT,medium
Utility of unenhanced fat-suppressed T1-weighted MRI in children with sickle cell disease -- can it differentiate bone infarcts from acute osteomyelitis?,HALLUCINATED,HALLUCINATED.,medium
Cancer of the buccal mucosa: are margins and T-stage accurate predictors of local control?,REAL,CORRECT,medium
Can mass drug administration lead to the sustainable control of schistosomiasis?,HALLUCINATED,HALLUCINATED.,hard
Can D-dimer become a new diagnostic parameter for acute appendicitis?,REAL,HALLUCINATED.,hard
Is there a relationship between rheumatoid arthritis and periodontal disease?,HALLUCINATED,CORRECT,hard
Do clinical variables predict pathologic radiographs in the first episode of wheezing?,HALLUCINATED,HALLUCINATED,medium
Globulomaxillary cysts--do they really exist?,HALLUCINATED,HALLUCINATED.,easy
MiraLAX vs. Golytely: is there a significant difference in the adenoma detection rate?,REAL,CORRECT,medium
Does government assistance improve utilization of eye care services by low-income individuals?,REAL,CORRECT,hard
Does telmisartan prevent hepatic fibrosis in rats with alloxan-induced diabetes?,REAL,CORRECT,hard
Two-year follow-up survey of patients with allergic contact dermatitis from an occupational cohort: is the prognosis dependent on the omnipresence of the allergen?,REAL,CORRECT,hard
Can calprotectin predict relapse risk in inflammatory bowel disease?,HALLUCINATED,HALLUCINATED.,medium
Can nurse-led preoperative education reduce anxiety and postoperative complications of patients undergoing cardiac surgery?,REAL,CORRECT,medium
Is there a discrepancy between patient and physician quality of life assessment?,REAL,CORRECT,hard
Impact of MPH programs: contributing to health system strengthening in low- and middle-income countries?,REAL,CORRECT,easy
Is diffusion-weighted imaging a significant indicator of the development of vascularization in hypovascular hepatocellular lesions?,HALLUCINATED,HALLUCINATED.,hard
Are failures of anterior cruciate ligament reconstruction associated with steep posterior tibial slopes?,REAL,CORRECT,medium
Does evidence-based practice improve patient outcomes?,REAL,CORRECT,easy
Multidisciplinary decisions in breast cancer: does the patient receive what the team has recommended?,REAL,CORRECT,easy
Does quilting suture prevent seroma in abdominoplasty?,REAL,HALLUCINATED.,hard
Does feeding tube insertion and its timing improve survival?,REAL,CORRECT,hard
Does prostate morphology affect outcomes after holmium laser enucleation?,REAL,CORRECT,medium
Do acute changes in heart rate by isoproterenol affect aortic stiffness in patients with hypertension?,REAL,CORRECT,hard
"""Occult"" posttraumatic lesions of the knee: can magnetic resonance substitute for diagnostic arthroscopy?",HALLUCINATED,HALLUCINATED,easy
Could ESC (Electronic Stability Control) change the way we drive?,HALLUCINATED,CORRECT,hard
The insertion allele of the ACE gene I/D polymorphism. A candidate gene for insulin resistance?,REAL,CORRECT,hard
Do ventricular arrhythmias in athletes subside over time?,HALLUCINATED,HALLUCINATED.,hard
Does ethnicity affect where people with cancer die?,REAL,CORRECT,hard
Are patients with serious mental illness more likely to be admitted to nursing homes with more deficiencies in care?,HALLUCINATED,CORRECT,medium
Does an additional antirotation U-Blade (RC) lag screw improve treatment of AO/OTA 31 A1-3 fractures with gamma 3 nail?,REAL,HALLUCINATED,medium
The Omega-3 Index: a new risk factor for death from coronary heart disease?,REAL,CORRECT,easy
May mean platelet volume levels be a predictor in the diagnosis of pelvic inflammatory disease?,REAL,CORRECT,hard
Do cytokine concentrations in pancreatic juice predict the presence of pancreatic diseases?,REAL,CORRECT,easy
Does the sex of acute stroke patients influence the effectiveness of rt-PA?,HALLUCINATED,CORRECT,medium
Are head and neck specific quality of life measures necessary?,REAL,CORRECT,easy
Diabetes mellitus among Swedish art glass workers--an effect of arsenic exposure?,HALLUCINATED,HALLUCINATED.,easy
Does SYNTAX score predict in-hospital outcomes in patients with ST elevation myocardial infarction undergoing primary percutaneous coronary intervention?,HALLUCINATED,HALLUCINATED,medium
Is micro-computed tomography reliable to determine the microstructure of the maxillary alveolar bone?,REAL,CORRECT,hard
Does use of hydrophilic guidewires significantly improve technical success rates of peripheral PTA?,HALLUCINATED,HALLUCINATED.,medium
Does frozen section alter surgical management of multinodular thyroid disease?,REAL,CORRECT,medium
Could chest wall rigidity be a factor in rapid death from illicit fentanyl abuse?,HALLUCINATED,HALLUCINATED,easy
Is severe pain immediately after spinal augmentation a predictor of long-term outcomes?,REAL,CORRECT,hard
Can computerised tomography replace bone scintigraphy in detecting bone metastases from breast cancer?,HALLUCINATED,HALLUCINATED,hard
Does obesity impact the pattern and outcome of trauma in children?,HALLUCINATED,HALLUCINATED.,hard
Is non-invasive diagnosis of esophageal varices in patients with compensated hepatic cirrhosis possible by duplex Doppler ultrasonography?,REAL,CORRECT,hard
Is (18)F-FDG a surrogate tracer to measure tumor hypoxia?,HALLUCINATED,CORRECT,medium
Can dogs prime autistic children for therapy?,HALLUCINATED,CORRECT,hard
Are 99mTc leukocyte scintigraphy and SBFT studies useful in children suspected of having inflammatory bowel disease?,REAL,CORRECT,easy
Risk factors for avascular necrosis of bone in patients with systemic lupus erythematosus: is there a role for antiphospholipid antibodies?,REAL,CORRECT,hard
Prostate bed target interfractional motion using RTOG consensus definitions and daily CT on rails : Does target motion differ between superior and inferior portions of the clinical target volume?,REAL,CORRECT,hard
Esophagogastric devascularization without splenectomy in portal hypertension: safe and effective?,REAL,CORRECT,medium
Does maternal obesity have an influence on feeding behavior of obese children?,HALLUCINATED,HALLUCINATED.,hard
Is plate clearing a risk factor for obesity?,REAL,CORRECT,medium
Should lower limb fractures be treated surgically in patients with chronic spinal injuries?,REAL,CORRECT,medium
Is vancomycin MIC creep a worldwide phenomenon?,REAL,HALLUCINATED,hard
Does short-term treatment with proton pump inhibitors cause rebound aggravation of symptoms?,REAL,HALLUCINATED.,hard
Do family physicians make good sentinels for influenza?,HALLUCINATED,CORRECT,hard
Aberrant loss of dickkopf-3 in gastric cancer: can it predict lymph node metastasis preoperatively?,HALLUCINATED,CORRECT,medium
Is ganglionated plexi ablation during Maze IV procedure beneficial for postoperative long-term stable sinus rhythm?,HALLUCINATED,HALLUCINATED.,hard
Double reading of barium enemas: is it necessary?,REAL,CORRECT,easy
Is severe macrosomia manifested at 11-14 weeks of gestation?,HALLUCINATED,HALLUCINATED.,hard
Do older adults with cancer fall more often?,HALLUCINATED,CORRECT,medium
Scrotal approach to both palpable and impalpable undescended testes: should it become our first choice?,REAL,CORRECT,easy
Is grandmultiparity an independent risk factor for adverse perinatal outcomes?,HALLUCINATED,HALLUCINATED.,easy
Does the investing layer of the deep cervical fascia exist?,HALLUCINATED,CORRECT,easy
Is crime associated with over-the-counter pharmacy syringe sales?,REAL,CORRECT,medium
Is prophylactic fixation a cost-effective method to prevent a future contralateral fragility hip fracture?,HALLUCINATED,CORRECT,easy
Is double-balloon enteroscopy an accurate method to diagnose small-bowel disorders?,REAL,CORRECT,hard
Does strategy training reduce age-related deficits in working memory?,HALLUCINATED,HALLUCINATED.,easy
Does the SCL 90-R obsessive-compulsive dimension identify cognitive impairments?,HALLUCINATED,HALLUCINATED.,hard
Is fetal anatomic assessment on follow-up antepartum sonograms clinically useful?,REAL,CORRECT,easy
Is muscle power related to running speed with changes of direction?,HALLUCINATED,HALLUCINATED.,medium
Can magnetic resonance imaging accurately predict concordant pain provocation during provocative disc injection?,REAL,CORRECT,hard
Is a 9-month treatment sufficient in tuberculous enterocolitis?,REAL,CORRECT,hard
Does coronary angiography before emergency aortic surgery affect in-hospital mortality?,REAL,CORRECT,easy
Is bicompartmental knee arthroplasty more favourable to knee muscle strength and physical performance compared to total knee arthroplasty?,REAL,HALLUCINATED,easy
Can gingival crevicular blood be relied upon for assessment of blood glucose level?,HALLUCINATED,HALLUCINATED,hard
Predicting admission at triage: are nurses better than a simple objective score?,HALLUCINATED,HALLUCINATED.,hard
Target Serum Urate: Do Gout Patients Know Their Goal?,REAL,CORRECT,hard
Diagnosis and follow-up in constipated children: should we use ultrasound?,HALLUCINATED,HALLUCINATED.,hard
Are neighbourhood social capital and availability of sports facilities related to sports participation among Dutch adolescents?,HALLUCINATED,CORRECT,easy
Did the call for boycott by the Catholic bishops affect the polio vaccination coverage in Kenya in 2015?,HALLUCINATED,HALLUCINATED.,hard
Recurrent spontaneous abortion and skewed X-inactivation: is there an association?,HALLUCINATED,CORRECT,hard
Does increased patient awareness improve accrual into cancer-related clinical trials?,REAL,HALLUCINATED,hard
Does airway surgery lower serum lipid levels in obstructive sleep apnea patients?,HALLUCINATED,HALLUCINATED.,easy
Is withdrawal-induced anxiety in alcoholism based on beta-endorphin deficiency?,REAL,CORRECT,medium
Do older patients receive adequate stroke care?,HALLUCINATED,HALLUCINATED.,easy
Doppler examination of uteroplacental circulation in early pregnancy: can it predict adverse outcome?,HALLUCINATED,HALLUCINATED.,easy
Can vitamin C prevent complex regional pain syndrome in patients with wrist fractures?,REAL,CORRECT,medium
Is digoxin use for cardiovascular disease associated with risk of prostate cancer?,REAL,CORRECT,easy
Are income-related differences in active travel associated with physical environmental characteristics?,REAL,HALLUCINATED.,hard
Can Roux-en-Y gastric bypass provide a lifelong solution for diabetes mellitus?,REAL,CORRECT,easy
Does the severity of obstructive sleep apnea predict patients requiring high continuous positive airway pressure?,HALLUCINATED,CORRECT,medium
"Do the changes in the serum levels of IL-2, IL-4, TNFalpha, and IL-6 reflect the inflammatory activity in the patients with post-ERCP pancreatitis?",REAL,CORRECT,easy
Is routine intraoperative frozen-section examination of sentinel lymph nodes in breast cancer worthwhile?,REAL,CORRECT,easy
Preoperative platelet count in esophageal squamous cell carcinoma: is it a prognostic factor?,HALLUCINATED,HALLUCINATED.,hard
Can we predict urinary stone composition based on an analysis of microelement concentration in the hair and urine?,HALLUCINATED,HALLUCINATED.,medium
Could ADMA levels in young adults born preterm predict an early endothelial dysfunction?,REAL,CORRECT,hard
Can fractional lasers enhance transdermal absorption of topical lidocaine in an in vivo animal model?,REAL,CORRECT,easy
Does intra-abdominal desmoid disease affect patients with an ileal pouch differently than those with an ileorectal anastomosis?,REAL,CORRECT,hard
Does anastomotic leakage affect functional outcome after rectal resection for cancer?,REAL,CORRECT,hard
Health care for immigrants in Europe: is there still consensus among country experts about principles of good practice?,REAL,CORRECT,easy
Can clinical supervision sustain our workforce in the current healthcare landscape?,REAL,CORRECT,easy
Is the determination of specific IgE against components using ISAC 112 a reproducible technique?,REAL,CORRECT,hard
Is the first urinary albumin/creatinine ratio (ACR) in women with suspected preeclampsia a prognostic factor for maternal and neonatal adverse outcome?,HALLUCINATED,CORRECT,easy
Is there awareness of pharmaceutical expenditure in the reformed primary care system?,REAL,CORRECT,hard
Do women with ovaries of polycystic morphology without any other features of PCOS benefit from short-term metformin co-treatment during IVF?,REAL,CORRECT,easy
Estimated fetal weight by ultrasound: a modifiable risk factor for cesarean delivery?,HALLUCINATED,CORRECT,medium
Does Mammographic Density have an Impact on the Margin Re-excision Rate After Breast-Conserving Surgery?,HALLUCINATED,HALLUCINATED.,hard
Are women who are treated for hypothyroidism at risk for pregnancy complications?,REAL,CORRECT,hard
Internal derangement of the temporomandibular joint: is there still a place for ultrasound?,REAL,HALLUCINATED,hard
"Laparoscopic myomectomy: do size, number, and location of the myomas form limiting factors for laparoscopic myomectomy?",REAL,CORRECT,hard
Is intensive chemotherapy safe for rural cancer patients?,REAL,CORRECT,medium
Does sex affect the outcome of laparoscopic cholecystectomy?,HALLUCINATED,HALLUCINATED.,hard
Is atropine needed with ketamine sedation?,REAL,CORRECT,medium
Does implant coating with antibacterial-loaded hydrogel reduce bacterial colonization and biofilm formation in vitro?,REAL,CORRECT,easy
Do family physicians know the costs of medical care?,HALLUCINATED,HALLUCINATED,hard
Combining process indicators to evaluate quality of care for surgical patients with colorectal cancer: are scores consistent with short-term outcome?,HALLUCINATED,HALLUCINATED.,easy
Can APC mutation analysis contribute to therapeutic decisions in familial adenomatous polyposis?,REAL,CORRECT,hard
Do emergency medical services professionals think they should participate in disease prevention?,REAL,CORRECT,medium
Is the ability to perform transurethral resection of the prostate influenced by the surgeon's previous experience?,HALLUCINATED,CORRECT,easy
Is there a differential in the dental health of new recruits to the British Armed Forces?,REAL,CORRECT,medium
Is laparoscopic reoperation for failed antireflux surgery feasible?,HALLUCINATED,CORRECT,medium
Does exercise during pregnancy prevent postnatal depression?,HALLUCINATED,HALLUCINATED.,easy
Is endometrial polyp formation associated with increased expression of vascular endothelial growth factor and transforming growth factor-beta1?,REAL,CORRECT,medium
Is human cytomegalovirus infection associated with hypertension?,HALLUCINATED,HALLUCINATED.,hard
Is it possible to stop treatment with nucleos(t)ide analogs in patients with e-antigen negative chronic hepatitis B?,HALLUCINATED,CORRECT,hard
Does radiotherapy around the time of pregnancy for Hodgkin's disease modify the risk of breast cancer?,HALLUCINATED,CORRECT,medium
Should displaced midshaft clavicular fractures be treated surgically?,REAL,CORRECT,medium
Is laparoscopic cholecystectomy safe and acceptable as a day case procedure?,REAL,CORRECT,easy
Is etoricoxib effective in preventing heterotopic ossification after primary total hip arthroplasty?,HALLUCINATED,HALLUCINATED.,easy
Should serum pancreatic lipase replace serum amylase as a biomarker of acute pancreatitis?,REAL,CORRECT,easy
Rectal cancer threatening or affecting the prostatic plane: is partial prostatectomy oncologically adequate?,HALLUCINATED,CORRECT,hard
Does bone anchor fixation improve the outcome of percutaneous bladder neck suspension in female stress urinary incontinence?,HALLUCINATED,HALLUCINATED.,hard
Are intraoperative precursor events associated with postoperative major adverse events?,REAL,CORRECT,hard
Does a family meetings intervention prevent depression and anxiety in family caregivers of dementia patients?,REAL,HALLUCINATED,medium
HIF1A as a major vascular endothelial growth factor regulator: do its polymorphisms have an association with age-related macular degeneration?,REAL,CORRECT,easy
Is combined therapy more effective than growth hormone or hyperbaric oxygen alone in the healing of left ischemic and non-ischemic colonic anastomoses?,HALLUCINATED,HALLUCINATED.,easy
Does oxybutynin hydrochloride cause arrhythmia in children with bladder dysfunction?,HALLUCINATED,HALLUCINATED.,easy
"Do ""America's Best Hospitals"" perform better for acute myocardial infarction?",HALLUCINATED,HALLUCINATED.,easy
Does preoperative anemia adversely affect colon and rectal surgery outcomes?,REAL,CORRECT,medium
Can early second-look tympanoplasty reduce the rate of conversion to modified radical mastoidectomy?,REAL,HALLUCINATED.,easy
Is serum total bilirubin useful to differentiate cardioembolic stroke from other stroke subtypes?,HALLUCINATED,HALLUCINATED,medium
Delayed imaging in routine CT examinations of the abdomen and pelvis: is it worth the additional cost of radiation and time?,REAL,CORRECT,medium
"Suturing of the nasal septum after septoplasty, is it an effective alternative to nasal packing?",REAL,HALLUCINATED.,hard
Have antiepileptic drug prescription claims changed following the FDA suicidality warning?,REAL,CORRECT,medium
Does ossification of the posterior longitudinal ligament affect the neurological outcome after traumatic cervical cord injury?,REAL,CORRECT,hard
Can distal ureteral diameter predict reflux resolution after endoscopic injection?,HALLUCINATED,HALLUCINATED,easy
Is leptin involved in phagocytic NADPH oxidase overactivity in obesity?,REAL,CORRECT,hard
Canada's Compassionate Care Benefit: is it an adequate public health response to addressing the issue of caregiver burden in end-of-life care?,HALLUCINATED,CORRECT,medium
Fatigue in primary Sjögren's syndrome: is there a link with the fibromyalgia syndrome?,HALLUCINATED,HALLUCINATED.,medium
Is laparoscopic sonography a reliable and sensitive procedure for staging colorectal cancer?,HALLUCINATED,CORRECT,hard
Is alexithymia a risk factor for unexplained physical symptoms in general medical outpatients?,REAL,CORRECT,hard
Alcohol consumption and acute myocardial infarction: a benefit of alcohol consumed with meals?,REAL,CORRECT,easy
Do mossy fibers release GABA?,HALLUCINATED,HALLUCINATED.,medium
The clinical significance of bile duct sludge: is it different from bile duct stones?,REAL,CORRECT,medium
Can Ambu self-inflating bag and Neopuff infant resuscitator provide adequate and safe manual inflations for infants up to 10 kg weight?,HALLUCINATED,CORRECT,hard
Are IgM-enriched immunoglobulins an effective adjuvant in septic VLBW infants?,REAL,CORRECT,medium
Is resected stomach volume related to weight loss after laparoscopic sleeve gastrectomy?,HALLUCINATED,HALLUCINATED.,medium
Resection of colorectal liver metastases after second-line chemotherapy: is it worthwhile?,REAL,CORRECT,medium
Do ART patients face higher C-section rates during their stage of delivery?,REAL,CORRECT,medium
Does a preoperative medically supervised weight loss program improve bariatric surgery outcomes?,REAL,CORRECT,hard
Is solitary kidney really more resistant to ischemia?,REAL,HALLUCINATED.,medium
Neck pain treatment with acupuncture: does the number of needles matter?,REAL,CORRECT,hard
Does fluoridation reduce the use of dental services among adults?,HALLUCINATED,HALLUCINATED.,hard
Pertrochanteric fractures: is there an advantage to an intramedullary nail?,HALLUCINATED,HALLUCINATED.,medium
SPECT study with I-123-Ioflupane (DaTSCAN) in patients with essential tremor. Is there any correlation with Parkinson's disease?,REAL,CORRECT,easy
Are the GFRUP's recommendations for withholding or withdrawing treatments in critically ill children applicable?,HALLUCINATED,CORRECT,hard
Is inhaled prophylactic heparin useful for prevention and Management of Pneumonia in ventilated ICU patients?,REAL,HALLUCINATED,medium
Is the h-index predictive of greater NIH funding success among academic radiologists?,HALLUCINATED,HALLUCINATED.,hard
Is minimally invasive mitral valve repair with artificial chords reproducible and applicable in routine surgery?,HALLUCINATED,HALLUCINATED,easy
"Does obesity predict knee pain over fourteen years in women, independently of radiographic changes?",REAL,CORRECT,easy
Do liquid-based preparations of urinary cytology perform differently than classically prepared cases?,REAL,CORRECT,easy
Outcomes of severely injured adult trauma patients in an Australian health service: does trauma center level make a difference?,REAL,CORRECT,medium
Does a well developed collateral circulation predispose to restenosis after percutaneous coronary intervention?,HALLUCINATED,HALLUCINATED.,medium
Are home sampling kits for sexually transmitted infections acceptable among men who have sex with men?,HALLUCINATED,HALLUCINATED.,medium
Does route of delivery affect maternal and perinatal outcome in women with eclampsia?,HALLUCINATED,HALLUCINATED.,hard
Surgical management of the atherosclerotic ascending aorta: is endoaortic balloon occlusion safe?,HALLUCINATED,HALLUCINATED.,medium
Estradiol and Antagonist Pretreatment Prior to Microdose Leuprolide in in Vitro Fertilization. Does It Improve IVF Outcomes in Poor Responders as Compared to Oral Contraceptive Pill?,REAL,CORRECT,easy
Are opioid dependence and methadone maintenance treatment (MMT) documented in the medical record?,REAL,CORRECT,medium
Can teaching medical students to investigate medication errors change their attitudes towards patient safety?,HALLUCINATED,HALLUCINATED,easy
Has the prevalence of health care services use increased over the last decade (2001-2009) in elderly people?,HALLUCINATED,HALLUCINATED.,easy
Does high-dose radiotherapy benefit palliative lung cancer patients?,HALLUCINATED,HALLUCINATED.,hard
Is endothelin-1 an aggravating factor in the development of acute pancreatitis?,HALLUCINATED,CORRECT,easy
"Malnutrition, a new inducer for arterial calcification in hemodialysis patients?",REAL,CORRECT,medium
Does glomerular hyperfiltration in pregnancy damage the kidney in women with more parities?,REAL,HALLUCINATED.,hard
Subclavian steal syndrome: can the blood pressure difference between arms predict the severity of steal?,REAL,CORRECT,medium
Can the Internet be used to improve sexual health awareness in web-wise young people?,REAL,CORRECT,hard
Is eligibility for a chemotherapy protocol a good prognostic factor for invasive bladder cancer after radical cystectomy?,HALLUCINATED,HALLUCINATED.,medium
Does a geriatric oncology consultation modify the cancer treatment plan for elderly patients?,REAL,CORRECT,medium
Does left atrial appendage (LAA) occlusion device alter the echocardiography and electrocardiogram parameters in patients with atrial fibrillation?,HALLUCINATED,HALLUCINATED.,hard
Can ki-67 play a role in prediction of breast cancer patients' response to neoadjuvant chemotherapy?,REAL,CORRECT,hard
Intravenous administration of metoclopramide by 2 min bolus vs 15 min infusion: does it affect the improvement of headache while reducing the side effects?,REAL,CORRECT,easy
Is the breast best for children with a family history of atopy?,REAL,CORRECT,easy
Does escalation of the apical dose change treatment outcome in beta-radiation of posterior choroidal melanomas with 106Ru plaques?,HALLUCINATED,HALLUCINATED.,medium
Does septoplasty change the dimensions of compensatory hypertrophy of the middle turbinate?,REAL,CORRECT,medium
Can patient coaching reduce racial/ethnic disparities in cancer pain control?,HALLUCINATED,CORRECT,medium
Does prior benign prostate biopsy predict outcome for patients treated with radical perineal prostatectomy?,REAL,CORRECT,medium
Does patient position during liver surgery influence the risk of venous air embolism?,REAL,CORRECT,hard
Do Indigenous Australians age prematurely?,HALLUCINATED,HALLUCINATED.,hard
Are tuberculosis patients adherent to prescribed treatments in China?,REAL,CORRECT,hard
Ultrasound in squamous cell carcinoma of the penis; a useful addition to clinical staging?,HALLUCINATED,CORRECT,hard
Do oblique views add value in the diagnosis of spondylolysis in adolescents?,REAL,CORRECT,hard
Are many colorectal cancers due to missed adenomas?,REAL,HALLUCINATED,hard
Does desflurane alter left ventricular function when used to control surgical stimulation during aortic surgery?,HALLUCINATED,HALLUCINATED.,medium
Does gestational age misclassification explain the difference in birthweights for Australian aborigines and whites?,REAL,CORRECT,medium
Is there any interest to perform ultrasonography in boys with undescended testis?,REAL,HALLUCINATED,hard
Is peak concentration needed in therapeutic drug monitoring of vancomycin?,HALLUCINATED,CORRECT,medium
Can autologous platelet-rich plasma gel enhance healing after surgical extraction of mandibular third molars?,HALLUCINATED,HALLUCINATED.,easy
Are sugars-free medicines more erosive than sugars-containing medicines?,REAL,CORRECT,medium
